<response><row><row _id="row-tc7g-qzym_sspa" _uuid="00000000-0000-0000-CACE-27307FDBA3EB" _position="0" _address="https://data.cityofnewyork.us/resource/_7z8d-msnt/row-tc7g-qzym_sspa"><district>DISTRICT 01</district><ytd_attendance_avg_>91.18</ytd_attendance_avg_><ytd_enrollment_avg_>12367</ytd_enrollment_avg_></row><row _id="row-bgst.x6jr-x4hh" _uuid="00000000-0000-0000-8194-8AE32B558C3A" _position="0" _address="https://data.cityofnewyork.us/resource/_7z8d-msnt/row-bgst.x6jr-x4hh"><district>DISTRICT 02</district><ytd_attendance_avg_>89.01</ytd_attendance_avg_><ytd_enrollment_avg_>60823</ytd_enrollment_avg_></row><row _id="row-ffq6.pihz.2g86" _uuid="00000000-0000-0000-A173-02E606D6D1EE" _position="0" _address="https://data.cityofnewyork.us/resource/_7z8d-msnt/row-ffq6.pihz.2g86"><district>DISTRICT 03</district><ytd_attendance_avg_>89.28</ytd_attendance_avg_><ytd_enrollment_avg_>21962</ytd_enrollment_avg_></row><row _id="row-ybnz.cisj.mha6" _uuid="00000000-0000-0000-61E3-673147794224" _position="0" _address="https://data.cityofnewyork.us/resource/_7z8d-msnt/row-ybnz.cisj.mha6"><district>DISTRICT 04</district><ytd_attendance_avg_>91.13</ytd_attendance_avg_><ytd_enrollment_avg_>14252</ytd_enrollment_avg_></row><row _id="row-c8sa_km3r-x9n2" _uuid="00000000-0000-0000-8DD9-EF12B9AEFA52" _position="0" _address="https://data.cityofnewyork.us/resource/_7z8d-msnt/row-c8sa_km3r-x9n2"><district>DISTRICT 05</district><ytd_attendance_avg_>89.08</ytd_attendance_avg_><ytd_enrollment_avg_>13170</ytd_enrollment_avg_></row><row _id="row-82vk_2p67-nvsy" _uuid="00000000-0000-0000-CF31-23BE9E871BB0" _position="0" _address="https://data.cityofnewyork.us/resource/_7z8d-msnt/row-82vk_2p67-nvsy"><district>DISTRICT 06</district><ytd_attendance_avg_>91.34</ytd_attendance_avg_><ytd_enrollment_avg_>25733</ytd_enrollment_avg_></row><row _id="row-ggi9~8nb8-38u3" _uuid="00000000-0000-0000-0818-E0DC16F18E36" _position="0" _address="https://data.cityofnewyork.us/resource/_7z8d-msnt/row-ggi9~8nb8-38u3"><district>DISTRICT 07</district><ytd_attendance_avg_>86.75</ytd_attendance_avg_><ytd_enrollment_avg_>19717</ytd_enrollment_avg_></row><row _id="row-xf6i-phpu-8zfg" _uuid="00000000-0000-0000-45C6-99A13535A778" _position="0" _address="https://data.cityofnewyork.us/resource/_7z8d-msnt/row-xf6i-phpu-8zfg"><district>DISTRICT 08</district><ytd_attendance_avg_>87.15</ytd_attendance_avg_><ytd_enrollment_avg_>31625</ytd_enrollment_avg_></row><row _id="row-9hju~9wig_p75a" _uuid="00000000-0000-0000-FC54-8E3B81A96061" _position="0" _address="https://data.cityofnewyork.us/resource/_7z8d-msnt/row-9hju~9wig_p75a"><district>DISTRICT 09</district><ytd_attendance_avg_>89.27</ytd_attendance_avg_><ytd_enrollment_avg_>34518</ytd_enrollment_avg_></row><row _id="row-kbkk_uc28.dkh9" _uuid="00000000-0000-0000-3F27-C90F61952D6F" _position="0" _address="https://data.cityofnewyork.us/resource/_7z8d-msnt/row-kbkk_uc28.dkh9"><district>DISTRICT 10</district><ytd_attendance_avg_>88.92</ytd_attendance_avg_><ytd_enrollment_avg_>56757</ytd_enrollment_avg_></row><row _id="row-3f8b.92gg.hu7a" _uuid="00000000-0000-0000-B224-7E7373F83BBD" _position="0" _address="https://data.cityofnewyork.us/resource/_7z8d-msnt/row-3f8b.92gg.hu7a"><district>DISTRICT 11</district><ytd_attendance_avg_>89.84</ytd_attendance_avg_><ytd_enrollment_avg_>38230</ytd_enrollment_avg_></row><row _id="row-xntn.tf6x-u6if" _uuid="00000000-0000-0000-7F85-E06AEE7EC81A" _position="0" _address="https://data.cityofnewyork.us/resource/_7z8d-msnt/row-xntn.tf6x-u6if"><district>DISTRICT 12</district><ytd_attendance_avg_>87.33</ytd_attendance_avg_><ytd_enrollment_avg_>23118</ytd_enrollment_avg_></row><row _id="row-iup3_m5rm_rst4" _uuid="00000000-0000-0000-BB51-B4ADC8E8A251" _position="0" _address="https://data.cityofnewyork.us/resource/_7z8d-msnt/row-iup3_m5rm_rst4"><district>DISTRICT 13</district><ytd_attendance_avg_>89.56</ytd_attendance_avg_><ytd_enrollment_avg_>22785</ytd_enrollment_avg_></row><row _id="row-j89b~txwm_dcer" _uuid="00000000-0000-0000-B87C-4CC0738E16A6" _position="0" _address="https://data.cityofnewyork.us/resource/_7z8d-msnt/row-j89b~txwm_dcer"><district>DISTRICT 14</district><ytd_attendance_avg_>89.41</ytd_attendance_avg_><ytd_enrollment_avg_>20181</ytd_enrollment_avg_></row><row _id="row-v23k~8n8g~84wg" _uuid="00000000-0000-0000-093B-7012F855A1DC" _position="0" _address="https://data.cityofnewyork.us/resource/_7z8d-msnt/row-v23k~8n8g~84wg"><district>DISTRICT 15</district><ytd_attendance_avg_>91.27</ytd_attendance_avg_><ytd_enrollment_avg_>26786</ytd_enrollment_avg_></row><row _id="row-j2rc~ryrp_thnp" _uuid="00000000-0000-0000-CA0D-BD2159D76F50" _position="0" _address="https://data.cityofnewyork.us/resource/_7z8d-msnt/row-j2rc~ryrp_thnp"><district>DISTRICT 16</district><ytd_attendance_avg_>85.55</ytd_attendance_avg_><ytd_enrollment_avg_>10196</ytd_enrollment_avg_></row><row _id="row-qmb3.ub3d_5jzu" _uuid="00000000-0000-0000-218A-AE894EA0CD2F" _position="0" _address="https://data.cityofnewyork.us/resource/_7z8d-msnt/row-qmb3.ub3d_5jzu"><district>DISTRICT 17</district><ytd_attendance_avg_>89.67</ytd_attendance_avg_><ytd_enrollment_avg_>26551</ytd_enrollment_avg_></row><row _id="row-2nup~jkuj-tvvs" _uuid="00000000-0000-0000-BD1E-64F577CD4305" _position="0" _address="https://data.cityofnewyork.us/resource/_7z8d-msnt/row-2nup~jkuj-tvvs"><district>DISTRICT 18</district><ytd_attendance_avg_>89.83</ytd_attendance_avg_><ytd_enrollment_avg_>18641</ytd_enrollment_avg_></row><row _id="row-8dju~qjxt-vdb8" _uuid="00000000-0000-0000-502C-A5AC9567BD41" _position="0" _address="https://data.cityofnewyork.us/resource/_7z8d-msnt/row-8dju~qjxt-vdb8"><district>DISTRICT 19</district><ytd_attendance_avg_>87.81</ytd_attendance_avg_><ytd_enrollment_avg_>25632</ytd_enrollment_avg_></row><row _id="row-wm9h-62xs~7m6s" _uuid="00000000-0000-0000-8200-25C7EB4E07B8" _position="0" _address="https://data.cityofnewyork.us/resource/_7z8d-msnt/row-wm9h-62xs~7m6s"><district>DISTRICT 20</district><ytd_attendance_avg_>92.77</ytd_attendance_avg_><ytd_enrollment_avg_>44214</ytd_enrollment_avg_></row><row _id="row-huqd-gf7f_52sy" _uuid="00000000-0000-0000-30A8-C9C924F3A6F2" _position="0" _address="https://data.cityofnewyork.us/resource/_7z8d-msnt/row-huqd-gf7f_52sy"><district>DISTRICT 21</district><ytd_attendance_avg_>90.50</ytd_attendance_avg_><ytd_enrollment_avg_>34342</ytd_enrollment_avg_></row><row _id="row-qc5a_jbje-5chy" _uuid="00000000-0000-0000-0948-6129AC89C29E" _position="0" _address="https://data.cityofnewyork.us/resource/_7z8d-msnt/row-qc5a_jbje-5chy"><district>DISTRICT 22</district><ytd_attendance_avg_>92.57</ytd_attendance_avg_><ytd_enrollment_avg_>36352</ytd_enrollment_avg_></row><row _id="row-6gvp_5y8i-vm5w" _uuid="00000000-0000-0000-3B10-E00D32BAE597" _position="0" _address="https://data.cityofnewyork.us/resource/_7z8d-msnt/row-6gvp_5y8i-vm5w"><district>DISTRICT 23</district><ytd_attendance_avg_>86.98</ytd_attendance_avg_><ytd_enrollment_avg_>11833</ytd_enrollment_avg_></row><row _id="row-69eq.fg9n.vvyv" _uuid="00000000-0000-0000-A99A-4FDDB0A522C1" _position="0" _address="https://data.cityofnewyork.us/resource/_7z8d-msnt/row-69eq.fg9n.vvyv"><district>DISTRICT 24</district><ytd_attendance_avg_>92.21</ytd_attendance_avg_><ytd_enrollment_avg_>52936</ytd_enrollment_avg_></row><row _id="row-nzyd_sj7r.tbyg" _uuid="00000000-0000-0000-C18D-F4E68CDDC1E4" _position="0" _address="https://data.cityofnewyork.us/resource/_7z8d-msnt/row-nzyd_sj7r.tbyg"><district>DISTRICT 25</district><ytd_attendance_avg_>91.90</ytd_attendance_avg_><ytd_enrollment_avg_>34371</ytd_enrollment_avg_></row><row _id="row-hcy8-h8jx~2gn3" _uuid="00000000-0000-0000-3613-45FF43B9351A" _position="0" _address="https://data.cityofnewyork.us/resource/_7z8d-msnt/row-hcy8-h8jx~2gn3"><district>DISTRICT 26</district><ytd_attendance_avg_>93.34</ytd_attendance_avg_><ytd_enrollment_avg_>31988</ytd_enrollment_avg_></row><row _id="row-s5nh_facr~kth5" _uuid="00000000-0000-0000-3F37-4E90D27B0956" _position="0" _address="https://data.cityofnewyork.us/resource/_7z8d-msnt/row-s5nh_facr~kth5"><district>DISTRICT 27</district><ytd_attendance_avg_>89.88</ytd_attendance_avg_><ytd_enrollment_avg_>46007</ytd_enrollment_avg_></row><row _id="row-z2u5.2q2u~5mpy" _uuid="00000000-0000-0000-729B-822F7190B440" _position="0" _address="https://data.cityofnewyork.us/resource/_7z8d-msnt/row-z2u5.2q2u~5mpy"><district>DISTRICT 28</district><ytd_attendance_avg_>91.70</ytd_attendance_avg_><ytd_enrollment_avg_>37009</ytd_enrollment_avg_></row><row _id="row-w8ni-6buz-5abr" _uuid="00000000-0000-0000-8597-9A37445C7C65" _position="0" _address="https://data.cityofnewyork.us/resource/_7z8d-msnt/row-w8ni-6buz-5abr"><district>DISTRICT 29</district><ytd_attendance_avg_>92.14</ytd_attendance_avg_><ytd_enrollment_avg_>27232</ytd_enrollment_avg_></row><row _id="row-minn-ddxd_rves" _uuid="00000000-0000-0000-9EB6-06DA36982694" _position="0" _address="https://data.cityofnewyork.us/resource/_7z8d-msnt/row-minn-ddxd_rves"><district>DISTRICT 30</district><ytd_attendance_avg_>92.79</ytd_attendance_avg_><ytd_enrollment_avg_>39742</ytd_enrollment_avg_></row><row _id="row-p5zd~avhp-5qfs" _uuid="00000000-0000-0000-7801-04ADF9A2C819" _position="0" _address="https://data.cityofnewyork.us/resource/_7z8d-msnt/row-p5zd~avhp-5qfs"><district>DISTRICT 31</district><ytd_attendance_avg_>90.98</ytd_attendance_avg_><ytd_enrollment_avg_>59373</ytd_enrollment_avg_></row><row _id="row-xet6-xp7w.mhnr" _uuid="00000000-0000-0000-DE4E-678CBCAFC3C2" _position="0" _address="https://data.cityofnewyork.us/resource/_7z8d-msnt/row-xet6-xp7w.mhnr"><district>DISTRICT 32</district><ytd_attendance_avg_>89.28</ytd_attendance_avg_><ytd_enrollment_avg_>15297</ytd_enrollment_avg_></row><row _id="row-tqnq-txjj~s828" _uuid="00000000-0000-0000-E91E-C3A582FABCD9" _position="0" _address="https://data.cityofnewyork.us/resource/_7z8d-msnt/row-tqnq-txjj~s828"><district>SPECIAL ED DISTRICT 75</district><ytd_attendance_avg_>83.21</ytd_attendance_avg_><ytd_enrollment_avg_>21435</ytd_enrollment_avg_></row><row _id="row-2523-hz6i~jsxe" _uuid="00000000-0000-0000-2B2F-303504371B3A" _position="0" _address="https://data.cityofnewyork.us/resource/_7z8d-msnt/row-2523-hz6i~jsxe"><district>ALTERNATIVE HIGH SCHOOLS</district><ytd_attendance_avg_>63.81</ytd_attendance_avg_><ytd_enrollment_avg_>7288</ytd_enrollment_avg_></row><row _id="row-tz29_j73b~dzew" _uuid="00000000-0000-0000-1B69-3608E251AE30" _position="0" _address="https://data.cityofnewyork.us/resource/_7z8d-msnt/row-tz29_j73b~dzew"><district>Citywide</district><ytd_attendance_avg_>89.99</ytd_attendance_avg_><ytd_enrollment_avg_>1002463</ytd_enrollment_avg_></row></row></response>