<response><row><row _id="row-gky5_phyq_pdke" _uuid="00000000-0000-0000-ADA6-29498CA5EE22" _position="0" _address="https://data.cityofnewyork.us/resource/_7yq2-hq9c/row-gky5_phyq_pdke"><providertype>GERIATRIC MENTAL HEALTH SERVICES CONTRACTS</providertype><dfta_id>5G301</dfta_id><programname>WEILL CORNELL MENTAL HEALTH</programname><sponsorname>WEILL MEDICAL COLLEGE OF CORNELL UNIVERSITY</sponsorname><programaddress>478 1st Street</programaddress><programcity>NEW YORK</programcity><programstate>NY</programstate><postcode>10010</postcode><borough>MANHATTAN</borough><programphone>914-997-4333</programphone><dfta_funded>Y</dfta_funded><monhouropen>9 :00</monhouropen><monhourclose>5 :00</monhourclose><tuehouropen>9 :00</tuehouropen><tuehourclose>5 :00</tuehourclose><wedhouropen>9 :00</wedhouropen><wedhourclose>5 :00</wedhourclose><thuhouropen>9 :00</thuhouropen><thuhourclose>5 :00</thuhourclose><frihouropen>9 :00</frihouropen><frihourclose>5 :00</frihourclose><sathouropen>00:00</sathouropen><sathourclose>00:00</sathourclose><sunhouropen>00:00</sunhouropen><sunhourclose>00:00</sunhourclose><latitude>40.671232</latitude><longitude>-73.976579</longitude><community_board>306</community_board><council_district>39</council_district><census_tract>155</census_tract><bin>3025180</bin><bbl>3010760019</bbl><nta>Park Slope-Gowanus</nta><geocoded_column human_address="{&quot;address&quot;: &quot;&quot;, &quot;city&quot;: &quot;&quot;, &quot;state&quot;: &quot;&quot;, &quot;zip&quot;: &quot;&quot;}" latitude="40.671232" longitude="-73.976579"/></row><row _id="row-2db5_qvv7-wwb8" _uuid="00000000-0000-0000-3B17-81496B5B33CB" _position="0" _address="https://data.cityofnewyork.us/resource/_7yq2-hq9c/row-2db5_qvv7-wwb8"><providertype>GERIATRIC MENTAL HEALTH SERVICES CONTRACTS</providertype><dfta_id>3G101</dfta_id><programname>SPOP MENTAL HEALTH</programname><sponsorname>SERVICE PROGRAM FOR OLDER PEOPLE INC</sponsorname><programaddress>302 WEST 91ST STREET</programaddress><programcity>NEW YORK</programcity><programstate>NY</programstate><postcode>10024</postcode><borough>MANHATTAN</borough><programphone>212-787-7120</programphone><dfta_funded>Y</dfta_funded><monhouropen>09:00</monhouropen><monhourclose>05:00</monhourclose><tuehouropen>09:00</tuehouropen><tuehourclose>05:00</tuehourclose><wedhouropen>09:00</wedhouropen><wedhourclose>05:00</wedhourclose><thuhouropen>09:00</thuhouropen><thuhourclose>05:00</thuhourclose><frihouropen>09:00</frihouropen><frihourclose>05:00</frihourclose><sathouropen>00:00</sathouropen><sathourclose>00:00</sathourclose><sunhouropen>00:00</sunhouropen><sunhourclose>00:00</sunhourclose><latitude>40.792171</latitude><longitude>-73.975796</longitude><community_board>107</community_board><council_district>6</council_district><census_tract>179</census_tract><bin>1034085</bin><bbl>1012510022</bbl><nta>Upper West Side</nta><geocoded_column human_address="{&quot;address&quot;: &quot;&quot;, &quot;city&quot;: &quot;&quot;, &quot;state&quot;: &quot;&quot;, &quot;zip&quot;: &quot;&quot;}" latitude="40.792171" longitude="-73.975796"/></row><row _id="row-agmb-xun8_9b6f" _uuid="00000000-0000-0000-C015-DA84DB50F3DD" _position="0" _address="https://data.cityofnewyork.us/resource/_7yq2-hq9c/row-agmb-xun8_9b6f"><providertype>GERIATRIC MENTAL HEALTH SERVICES CONTRACTS</providertype><dfta_id>4G801</dfta_id><programname>SAMUEL FIELD MENTAL HEALTH</programname><sponsorname>SAMUEL FIELD YM &amp; YWHA INC</sponsorname><programaddress>58-20 Little Neck Parkway</programaddress><programcity>FLUSHING</programcity><programstate>NY</programstate><postcode>11362</postcode><borough>QUEENS</borough><programphone>718-225-6750</programphone><dfta_funded>Y</dfta_funded><monhouropen>8 :00</monhouropen><monhourclose>4 :00</monhourclose><tuehouropen>8 :00</tuehouropen><tuehourclose>4 :00</tuehourclose><wedhouropen>8 :00</wedhouropen><wedhourclose>4 :00</wedhourclose><thuhouropen>8 :00</thuhouropen><thuhourclose>4 :00</thuhourclose><frihouropen>8 :00</frihouropen><frihourclose>4 :00</frihourclose><sathouropen>00:00</sathouropen><sathourclose>00:00</sathourclose><sunhouropen>00:00</sunhouropen><sunhourclose>00:00</sunhourclose><latitude>40.761577</latitude><longitude>-73.723122</longitude><community_board>411</community_board><council_district>23</council_district><census_tract>152902</census_tract><bin>4173029</bin><bbl>4083520051</bbl><nta>Douglas Manor-Douglaston-Little Neck</nta><geocoded_column human_address="{&quot;address&quot;: &quot;&quot;, &quot;city&quot;: &quot;&quot;, &quot;state&quot;: &quot;&quot;, &quot;zip&quot;: &quot;&quot;}" latitude="40.761577" longitude="-73.723122"/></row><row _id="row-ica2~65hs_2d9a" _uuid="00000000-0000-0000-CCFA-F4BF99A5B375" _position="0" _address="https://data.cityofnewyork.us/resource/_7yq2-hq9c/row-ica2~65hs_2d9a"><providertype>GERIATRIC MENTAL HEALTH SERVICES CONTRACTS</providertype><dfta_id>1G701</dfta_id><programname>JASA MENTAL HEALTH</programname><sponsorname>THE JEWISH ASSOCIATION FOR SERVICES FOR THE AGED</sponsorname><programaddress>1 Fordham Plaza</programaddress><programcity>BRONX</programcity><programstate>NY</programstate><postcode>10458</postcode><borough>BRONX</borough><programphone>718-365-4044</programphone><dfta_funded>Y</dfta_funded><monhouropen>09:00</monhouropen><monhourclose>5 :00</monhourclose><tuehouropen>09:00</tuehouropen><tuehourclose>5 :00</tuehourclose><wedhouropen>09:00</wedhouropen><wedhourclose>5 :00</wedhourclose><thuhouropen>09:00</thuhouropen><thuhourclose>5 :00</thuhourclose><frihouropen>09:00</frihouropen><frihourclose>5 :00</frihourclose><sathouropen>00:00</sathouropen><sathourclose>00:00</sathourclose><sunhouropen>00:00</sunhouropen><sunhourclose>00:00</sunhourclose><latitude>40.860739</latitude><longitude>-73.889585</longitude><community_board>206</community_board><council_district>15</council_district><census_tract>387</census_tract><bin>2088325</bin><bbl>2030330053</bbl><nta>Belmont</nta><geocoded_column human_address="{&quot;address&quot;: &quot;&quot;, &quot;city&quot;: &quot;&quot;, &quot;state&quot;: &quot;&quot;, &quot;zip&quot;: &quot;&quot;}" latitude="40.860739" longitude="-73.889585"/></row></row></response>