<response><row><row _id="row-yvru.xsvq_qzbq" _uuid="00000000-0000-0000-1B32-87B29F69422E" _position="0" _address="https://data.cityofnewyork.us/resource/_825b-niea/row-yvru.xsvq_qzbq"><grade>3</grade><year>2006</year><category>Asian</category><number_tested>9768</number_tested><mean_scale_score>700</mean_scale_score><level_1_1>243</level_1_1><level_1_2>2.5</level_1_2><level_2_1>543</level_2_1><level_2_2>5.6</level_2_2><level_3_1>4128</level_3_1><level_3_2>42.3</level_3_2><level_4_1>4854</level_4_1><level_4_2>49.7</level_4_2><level_3_4_1>8982</level_3_4_1><level_3_4_2>92.0</level_3_4_2></row><row _id="row-q8z8.q7b3.3ppa" _uuid="00000000-0000-0000-D9CE-B1F89A0D1307" _position="0" _address="https://data.cityofnewyork.us/resource/_825b-niea/row-q8z8.q7b3.3ppa"><grade>4</grade><year>2006</year><category>Asian</category><number_tested>9973</number_tested><mean_scale_score>699</mean_scale_score><level_1_1>294</level_1_1><level_1_2>2.9</level_1_2><level_2_1>600</level_2_1><level_2_2>6.0</level_2_2><level_3_1>4245</level_3_1><level_3_2>42.6</level_3_2><level_4_1>4834</level_4_1><level_4_2>48.5</level_4_2><level_3_4_1>9079</level_3_4_1><level_3_4_2>91.0</level_3_4_2></row><row _id="row-i23x-4prc-46fj" _uuid="00000000-0000-0000-C9EE-2418870B5F93" _position="0" _address="https://data.cityofnewyork.us/resource/_825b-niea/row-i23x-4prc-46fj"><grade>5</grade><year>2006</year><category>Asian</category><number_tested>9852</number_tested><mean_scale_score>691</mean_scale_score><level_1_1>369</level_1_1><level_1_2>3.7</level_1_2><level_2_1>907</level_2_1><level_2_2>9.2</level_2_2><level_3_1>4379</level_3_1><level_3_2>44.4</level_3_2><level_4_1>4197</level_4_1><level_4_2>42.6</level_4_2><level_3_4_1>8576</level_3_4_1><level_3_4_2>87.0</level_3_4_2></row><row _id="row-7u9v-dwwy.fhw3" _uuid="00000000-0000-0000-17FD-7D50A499A0E1" _position="0" _address="https://data.cityofnewyork.us/resource/_825b-niea/row-7u9v-dwwy.fhw3"><grade>6</grade><year>2006</year><category>Asian</category><number_tested>9606</number_tested><mean_scale_score>682</mean_scale_score><level_1_1>452</level_1_1><level_1_2>4.7</level_1_2><level_2_1>1176</level_2_1><level_2_2>12.2</level_2_2><level_3_1>4646</level_3_1><level_3_2>48.4</level_3_2><level_4_1>3332</level_4_1><level_4_2>34.7</level_4_2><level_3_4_1>7978</level_3_4_1><level_3_4_2>83.1</level_3_4_2></row><row _id="row-64kf_k4ma_4zgq" _uuid="00000000-0000-0000-6A3C-917EFD40527E" _position="0" _address="https://data.cityofnewyork.us/resource/_825b-niea/row-64kf_k4ma_4zgq"><grade>7</grade><year>2006</year><category>Asian</category><number_tested>9433</number_tested><mean_scale_score>671</mean_scale_score><level_1_1>521</level_1_1><level_1_2>5.5</level_1_2><level_2_1>1698</level_2_1><level_2_2>18.0</level_2_2><level_3_1>4690</level_3_1><level_3_2>49.7</level_3_2><level_4_1>2524</level_4_1><level_4_2>26.8</level_4_2><level_3_4_1>7214</level_3_4_1><level_3_4_2>76.5</level_3_4_2></row><row _id="row-h8zg-qxyq.g4ge" _uuid="00000000-0000-0000-07BB-C9FC65F5ADEE" _position="0" _address="https://data.cityofnewyork.us/resource/_825b-niea/row-h8zg-qxyq.g4ge"><grade>8</grade><year>2006</year><category>Asian</category><number_tested>9593</number_tested><mean_scale_score>675</mean_scale_score><level_1_1>671</level_1_1><level_1_2>7.0</level_1_2><level_2_1>1847</level_2_1><level_2_2>19.3</level_2_2><level_3_1>4403</level_3_1><level_3_2>45.9</level_3_2><level_4_1>2672</level_4_1><level_4_2>27.9</level_4_2><level_3_4_1>7075</level_3_4_1><level_3_4_2>73.8</level_3_4_2></row><row _id="row-2e2j.nmuz_pgdd" _uuid="00000000-0000-0000-BEEE-72B03BE38AC8" _position="0" _address="https://data.cityofnewyork.us/resource/_825b-niea/row-2e2j.nmuz_pgdd"><grade>All Grades</grade><year>2006</year><category>Asian</category><number_tested>58225</number_tested><mean_scale_score>687</mean_scale_score><level_1_1>2550</level_1_1><level_1_2>4.4</level_1_2><level_2_1>6771</level_2_1><level_2_2>11.6</level_2_2><level_3_1>26491</level_3_1><level_3_2>45.5</level_3_2><level_4_1>22413</level_4_1><level_4_2>38.5</level_4_2><level_3_4_1>48904</level_3_4_1><level_3_4_2>84.0</level_3_4_2></row><row _id="row-n6gf~sj3k.9mfc" _uuid="00000000-0000-0000-FF2C-B38AF0321A42" _position="0" _address="https://data.cityofnewyork.us/resource/_825b-niea/row-n6gf~sj3k.9mfc"><grade>3</grade><year>2007</year><category>Asian</category><number_tested>9750</number_tested><mean_scale_score>706</mean_scale_score><level_1_1>156</level_1_1><level_1_2>1.6</level_1_2><level_2_1>402</level_2_1><level_2_2>4.1</level_2_2><level_3_1>3886</level_3_1><level_3_2>39.9</level_3_2><level_4_1>5306</level_4_1><level_4_2>54.4</level_4_2><level_3_4_1>9192</level_3_4_1><level_3_4_2>94.3</level_3_4_2></row><row _id="row-kfrg~rt2s~gzkf" _uuid="00000000-0000-0000-96E0-0BEB278D0BB4" _position="0" _address="https://data.cityofnewyork.us/resource/_825b-niea/row-kfrg~rt2s~gzkf"><grade>4</grade><year>2007</year><category>Asian</category><number_tested>9881</number_tested><mean_scale_score>704</mean_scale_score><level_1_1>209</level_1_1><level_1_2>2.1</level_1_2><level_2_1>564</level_2_1><level_2_2>5.7</level_2_2><level_3_1>3968</level_3_1><level_3_2>40.2</level_3_2><level_4_1>5140</level_4_1><level_4_2>52.0</level_4_2><level_3_4_1>9108</level_3_4_1><level_3_4_2>92.2</level_3_4_2></row><row _id="row-fqc8-i9dc.fjub" _uuid="00000000-0000-0000-6918-3AF22F14C600" _position="0" _address="https://data.cityofnewyork.us/resource/_825b-niea/row-fqc8-i9dc.fjub"><grade>5</grade><year>2007</year><category>Asian</category><number_tested>10111</number_tested><mean_scale_score>700</mean_scale_score><level_1_1>211</level_1_1><level_1_2>2.1</level_1_2><level_2_1>626</level_2_1><level_2_2>6.2</level_2_2><level_3_1>4257</level_3_1><level_3_2>42.1</level_3_2><level_4_1>5017</level_4_1><level_4_2>49.6</level_4_2><level_3_4_1>9274</level_3_4_1><level_3_4_2>91.7</level_3_4_2></row><row _id="row-syit-i236_n6nk" _uuid="00000000-0000-0000-D2CF-C9729F8B07D6" _position="0" _address="https://data.cityofnewyork.us/resource/_825b-niea/row-syit-i236_n6nk"><grade>6</grade><year>2007</year><category>Asian</category><number_tested>9808</number_tested><mean_scale_score>694</mean_scale_score><level_1_1>343</level_1_1><level_1_2>3.5</level_1_2><level_2_1>778</level_2_1><level_2_2>7.9</level_2_2><level_3_1>4356</level_3_1><level_3_2>44.4</level_3_2><level_4_1>4331</level_4_1><level_4_2>44.2</level_4_2><level_3_4_1>8687</level_3_4_1><level_3_4_2>88.6</level_3_4_2></row><row _id="row-smay~2r8n-gpd8" _uuid="00000000-0000-0000-CB52-8F8B39646AB5" _position="0" _address="https://data.cityofnewyork.us/resource/_825b-niea/row-smay~2r8n-gpd8"><grade>7</grade><year>2007</year><category>Asian</category><number_tested>9779</number_tested><mean_scale_score>685</mean_scale_score><level_1_1>333</level_1_1><level_1_2>3.4</level_1_2><level_2_1>1220</level_2_1><level_2_2>12.5</level_2_2><level_3_1>4255</level_3_1><level_3_2>43.5</level_3_2><level_4_1>3971</level_4_1><level_4_2>40.6</level_4_2><level_3_4_1>8226</level_3_4_1><level_3_4_2>84.1</level_3_4_2></row><row _id="row-bb8r_44xg-i8eb" _uuid="00000000-0000-0000-669A-64C164B103B3" _position="0" _address="https://data.cityofnewyork.us/resource/_825b-niea/row-bb8r_44xg-i8eb"><grade>8</grade><year>2007</year><category>Asian</category><number_tested>9734</number_tested><mean_scale_score>681</mean_scale_score><level_1_1>466</level_1_1><level_1_2>4.8</level_1_2><level_2_1>1537</level_2_1><level_2_2>15.8</level_2_2><level_3_1>4661</level_3_1><level_3_2>47.9</level_3_2><level_4_1>3070</level_4_1><level_4_2>31.5</level_4_2><level_3_4_1>7731</level_3_4_1><level_3_4_2>79.4</level_3_4_2></row><row _id="row-aywe.gi5p~ewsq" _uuid="00000000-0000-0000-6F3F-AC348620878A" _position="0" _address="https://data.cityofnewyork.us/resource/_825b-niea/row-aywe.gi5p~ewsq"><grade>All Grades</grade><year>2007</year><category>Asian</category><number_tested>59063</number_tested><mean_scale_score>695</mean_scale_score><level_1_1>1718</level_1_1><level_1_2>2.9</level_1_2><level_2_1>5127</level_2_1><level_2_2>8.7</level_2_2><level_3_1>25383</level_3_1><level_3_2>43.0</level_3_2><level_4_1>26835</level_4_1><level_4_2>45.4</level_4_2><level_3_4_1>52218</level_3_4_1><level_3_4_2>88.4</level_3_4_2></row><row _id="row-tp2y_d5qd.vvym" _uuid="00000000-0000-0000-A8AD-85ACB57610E8" _position="0" _address="https://data.cityofnewyork.us/resource/_825b-niea/row-tp2y_d5qd.vvym"><grade>3</grade><year>2008</year><category>Asian</category><number_tested>9951</number_tested><mean_scale_score>707</mean_scale_score><level_1_1>67</level_1_1><level_1_2>0.7</level_1_2><level_2_1>275</level_2_1><level_2_2>2.8</level_2_2><level_3_1>4809</level_3_1><level_3_2>48.3</level_3_2><level_4_1>4800</level_4_1><level_4_2>48.2</level_4_2><level_3_4_1>9609</level_3_4_1><level_3_4_2>96.6</level_3_4_2></row><row _id="row-7f3j_mmgq.5gnn" _uuid="00000000-0000-0000-FE29-813A3E5EC66C" _position="0" _address="https://data.cityofnewyork.us/resource/_825b-niea/row-7f3j_mmgq.5gnn"><grade>4</grade><year>2008</year><category>Asian</category><number_tested>9861</number_tested><mean_scale_score>706</mean_scale_score><level_1_1>159</level_1_1><level_1_2>1.6</level_1_2><level_2_1>389</level_2_1><level_2_2>3.9</level_2_2><level_3_1>3874</level_3_1><level_3_2>39.3</level_3_2><level_4_1>5439</level_4_1><level_4_2>55.2</level_4_2><level_3_4_1>9313</level_3_4_1><level_3_4_2>94.4</level_3_4_2></row><row _id="row-ab9q.yqt6_v5cp" _uuid="00000000-0000-0000-02EA-C68E40EBA0CA" _position="0" _address="https://data.cityofnewyork.us/resource/_825b-niea/row-ab9q.yqt6_v5cp"><grade>5</grade><year>2008</year><category>Asian</category><number_tested>10073</number_tested><mean_scale_score>704</mean_scale_score><level_1_1>133</level_1_1><level_1_2>1.3</level_1_2><level_2_1>449</level_2_1><level_2_2>4.5</level_2_2><level_3_1>3958</level_3_1><level_3_2>39.3</level_3_2><level_4_1>5533</level_4_1><level_4_2>54.9</level_4_2><level_3_4_1>9491</level_3_4_1><level_3_4_2>94.2</level_3_4_2></row><row _id="row-e8ns_2u83.rk8f" _uuid="00000000-0000-0000-C697-0612829F20BE" _position="0" _address="https://data.cityofnewyork.us/resource/_825b-niea/row-e8ns_2u83.rk8f"><grade>6</grade><year>2008</year><category>Asian</category><number_tested>10106</number_tested><mean_scale_score>700</mean_scale_score><level_1_1>179</level_1_1><level_1_2>1.8</level_1_2><level_2_1>599</level_2_1><level_2_2>5.9</level_2_2><level_3_1>3942</level_3_1><level_3_2>39.0</level_3_2><level_4_1>5386</level_4_1><level_4_2>53.3</level_4_2><level_3_4_1>9328</level_3_4_1><level_3_4_2>92.3</level_3_4_2></row><row _id="row-qk6p~9378.fngy" _uuid="00000000-0000-0000-F508-982D1F920538" _position="0" _address="https://data.cityofnewyork.us/resource/_825b-niea/row-qk6p~9378.fngy"><grade>7</grade><year>2008</year><category>Asian</category><number_tested>9973</number_tested><mean_scale_score>692</mean_scale_score><level_1_1>193</level_1_1><level_1_2>1.9</level_1_2><level_2_1>767</level_2_1><level_2_2>7.7</level_2_2><level_3_1>4282</level_3_1><level_3_2>42.9</level_3_2><level_4_1>4731</level_4_1><level_4_2>47.4</level_4_2><level_3_4_1>9013</level_3_4_1><level_3_4_2>90.4</level_3_4_2></row><row _id="row-d4tx.6tb8~g2fp" _uuid="00000000-0000-0000-9C6E-24DCFCBC4573" _position="0" _address="https://data.cityofnewyork.us/resource/_825b-niea/row-d4tx.6tb8~g2fp"><grade>8</grade><year>2008</year><category>Asian</category><number_tested>9964</number_tested><mean_scale_score>691</mean_scale_score><level_1_1>261</level_1_1><level_1_2>2.6</level_1_2><level_2_1>1008</level_2_1><level_2_2>10.1</level_2_2><level_3_1>4720</level_3_1><level_3_2>47.4</level_3_2><level_4_1>3975</level_4_1><level_4_2>39.9</level_4_2><level_3_4_1>8695</level_3_4_1><level_3_4_2>87.3</level_3_4_2></row><row _id="row-mz44-kwme-k6tk" _uuid="00000000-0000-0000-1139-D118B02138B0" _position="0" _address="https://data.cityofnewyork.us/resource/_825b-niea/row-mz44-kwme-k6tk"><grade>All Grades</grade><year>2008</year><category>Asian</category><number_tested>59928</number_tested><mean_scale_score>700</mean_scale_score><level_1_1>992</level_1_1><level_1_2>1.7</level_1_2><level_2_1>3487</level_2_1><level_2_2>5.8</level_2_2><level_3_1>25585</level_3_1><level_3_2>42.7</level_3_2><level_4_1>29864</level_4_1><level_4_2>49.8</level_4_2><level_3_4_1>55449</level_3_4_1><level_3_4_2>92.5</level_3_4_2></row><row _id="row-dbb4-33hv.b5vh" _uuid="00000000-0000-0000-7D45-0FCED209A970" _position="0" _address="https://data.cityofnewyork.us/resource/_825b-niea/row-dbb4-33hv.b5vh"><grade>3</grade><year>2009</year><category>Asian</category><number_tested>10984</number_tested><mean_scale_score>711</mean_scale_score><level_1_1>43</level_1_1><level_1_2>0.4</level_1_2><level_2_1>216</level_2_1><level_2_2>2.0</level_2_2><level_3_1>5532</level_3_1><level_3_2>50.4</level_3_2><level_4_1>5193</level_4_1><level_4_2>47.3</level_4_2><level_3_4_1>10725</level_3_4_1><level_3_4_2>97.6</level_3_4_2></row><row _id="row-enq8-shp2.didc" _uuid="00000000-0000-0000-D54C-8A086CD7F8B7" _position="0" _address="https://data.cityofnewyork.us/resource/_825b-niea/row-enq8-shp2.didc"><grade>4</grade><year>2009</year><category>Asian</category><number_tested>10052</number_tested><mean_scale_score>716</mean_scale_score><level_1_1>99</level_1_1><level_1_2>1.0</level_1_2><level_2_1>260</level_2_1><level_2_2>2.6</level_2_2><level_3_1>3312</level_3_1><level_3_2>32.9</level_3_2><level_4_1>6381</level_4_1><level_4_2>63.5</level_4_2><level_3_4_1>9693</level_3_4_1><level_3_4_2>96.4</level_3_4_2></row><row _id="row-58um_h8w3~rmwr" _uuid="00000000-0000-0000-C5AA-722DAAF5418E" _position="0" _address="https://data.cityofnewyork.us/resource/_825b-niea/row-58um_h8w3~rmwr"><grade>5</grade><year>2009</year><category>Asian</category><number_tested>10046</number_tested><mean_scale_score>706</mean_scale_score><level_1_1>86</level_1_1><level_1_2>0.9</level_1_2><level_2_1>298</level_2_1><level_2_2>3.0</level_2_2><level_3_1>3231</level_3_1><level_3_2>32.2</level_3_2><level_4_1>6431</level_4_1><level_4_2>64.0</level_4_2><level_3_4_1>9662</level_3_4_1><level_3_4_2>96.2</level_3_4_2></row><row _id="row-ih73.9nk7-a5ab" _uuid="00000000-0000-0000-A85D-C2952F26C8B4" _position="0" _address="https://data.cityofnewyork.us/resource/_825b-niea/row-ih73.9nk7-a5ab"><grade>6</grade><year>2009</year><category>Asian</category><number_tested>10207</number_tested><mean_scale_score>701</mean_scale_score><level_1_1>143</level_1_1><level_1_2>1.4</level_1_2><level_2_1>512</level_2_1><level_2_2>5.0</level_2_2><level_3_1>3919</level_3_1><level_3_2>38.4</level_3_2><level_4_1>5633</level_4_1><level_4_2>55.2</level_4_2><level_3_4_1>9552</level_3_4_1><level_3_4_2>93.6</level_3_4_2></row><row _id="row-dkcm~kkbf-f39p" _uuid="00000000-0000-0000-F8B5-E11F30DABC7C" _position="0" _address="https://data.cityofnewyork.us/resource/_825b-niea/row-dkcm~kkbf-f39p"><grade>7</grade><year>2009</year><category>Asian</category><number_tested>10370</number_tested><mean_scale_score>700</mean_scale_score><level_1_1>76</level_1_1><level_1_2>0.7</level_1_2><level_2_1>507</level_2_1><level_2_2>4.9</level_2_2><level_3_1>4166</level_3_1><level_3_2>40.2</level_3_2><level_4_1>5621</level_4_1><level_4_2>54.2</level_4_2><level_3_4_1>9787</level_3_4_1><level_3_4_2>94.4</level_3_4_2></row><row _id="row-v47x~3mx8-uu6c" _uuid="00000000-0000-0000-1C40-7FDA8005E509" _position="0" _address="https://data.cityofnewyork.us/resource/_825b-niea/row-v47x~3mx8-uu6c"><grade>8</grade><year>2009</year><category>Asian</category><number_tested>10385</number_tested><mean_scale_score>695</mean_scale_score><level_1_1>136</level_1_1><level_1_2>1.3</level_1_2><level_2_1>803</level_2_1><level_2_2>7.7</level_2_2><level_3_1>5111</level_3_1><level_3_2>49.2</level_3_2><level_4_1>4335</level_4_1><level_4_2>41.7</level_4_2><level_3_4_1>9446</level_3_4_1><level_3_4_2>91.0</level_3_4_2></row><row _id="row-c9bh-5ch5~hac4" _uuid="00000000-0000-0000-6AE9-09CD18BD4263" _position="0" _address="https://data.cityofnewyork.us/resource/_825b-niea/row-c9bh-5ch5~hac4"><grade>All Grades</grade><year>2009</year><category>Asian</category><number_tested>62044</number_tested><mean_scale_score>705</mean_scale_score><level_1_1>583</level_1_1><level_1_2>0.9</level_1_2><level_2_1>2596</level_2_1><level_2_2>4.2</level_2_2><level_3_1>25271</level_3_1><level_3_2>40.7</level_3_2><level_4_1>33594</level_4_1><level_4_2>54.1</level_4_2><level_3_4_1>58865</level_3_4_1><level_3_4_2>94.9</level_3_4_2></row><row _id="row-qu2w_7wsu-ewev" _uuid="00000000-0000-0000-199E-2CF22EE082DA" _position="0" _address="https://data.cityofnewyork.us/resource/_825b-niea/row-qu2w_7wsu-ewev"><grade>3</grade><year>2010</year><category>Asian</category><number_tested>10646</number_tested><mean_scale_score>709</mean_scale_score><level_1_1>415</level_1_1><level_1_2>3.9</level_1_2><level_2_1>1823</level_2_1><level_2_2>17.1</level_2_2><level_3_1>3888</level_3_1><level_3_2>36.5</level_3_2><level_4_1>4520</level_4_1><level_4_2>42.5</level_4_2><level_3_4_1>8408</level_3_4_1><level_3_4_2>79.0</level_3_4_2></row><row _id="row-fp3a-khgz.gwqn" _uuid="00000000-0000-0000-BC01-374048622124" _position="0" _address="https://data.cityofnewyork.us/resource/_825b-niea/row-fp3a-khgz.gwqn"><grade>4</grade><year>2010</year><category>Asian</category><number_tested>11430</number_tested><mean_scale_score>709</mean_scale_score><level_1_1>251</level_1_1><level_1_2>2.2</level_1_2><level_2_1>1626</level_2_1><level_2_2>14.2</level_2_2><level_3_1>3778</level_3_1><level_3_2>33.1</level_3_2><level_4_1>5775</level_4_1><level_4_2>50.5</level_4_2><level_3_4_1>9553</level_3_4_1><level_3_4_2>83.6</level_3_4_2></row><row _id="row-e6hg-av4w_rmx2" _uuid="00000000-0000-0000-8F90-771D15BA9443" _position="0" _address="https://data.cityofnewyork.us/resource/_825b-niea/row-e6hg-av4w_rmx2"><grade>5</grade><year>2010</year><category>Asian</category><number_tested>10553</number_tested><mean_scale_score>704</mean_scale_score><level_1_1>237</level_1_1><level_1_2>2.2</level_1_2><level_2_1>1392</level_2_1><level_2_2>13.2</level_2_2><level_3_1>3848</level_3_1><level_3_2>36.5</level_3_2><level_4_1>5076</level_4_1><level_4_2>48.1</level_4_2><level_3_4_1>8924</level_3_4_1><level_3_4_2>84.6</level_3_4_2></row><row _id="row-2wbh.9t3e_95d2" _uuid="00000000-0000-0000-DB35-36DA53CB4F89" _position="0" _address="https://data.cityofnewyork.us/resource/_825b-niea/row-2wbh.9t3e_95d2"><grade>6</grade><year>2010</year><category>Asian</category><number_tested>10469</number_tested><mean_scale_score>701</mean_scale_score><level_1_1>319</level_1_1><level_1_2>3.0</level_1_2><level_2_1>1571</level_2_1><level_2_2>15.0</level_2_2><level_3_1>3118</level_3_1><level_3_2>29.8</level_3_2><level_4_1>5461</level_4_1><level_4_2>52.2</level_4_2><level_3_4_1>8579</level_3_4_1><level_3_4_2>81.9</level_3_4_2></row><row _id="row-qfet~mgf6_rm88" _uuid="00000000-0000-0000-8CAF-C8FAFA14C305" _position="0" _address="https://data.cityofnewyork.us/resource/_825b-niea/row-qfet~mgf6_rm88"><grade>7</grade><year>2010</year><category>Asian</category><number_tested>10834</number_tested><mean_scale_score>695</mean_scale_score><level_1_1>396</level_1_1><level_1_2>3.7</level_1_2><level_2_1>1660</level_2_1><level_2_2>15.3</level_2_2><level_3_1>2987</level_3_1><level_3_2>27.6</level_3_2><level_4_1>5791</level_4_1><level_4_2>53.5</level_4_2><level_3_4_1>8778</level_3_4_1><level_3_4_2>81.0</level_3_4_2></row><row _id="row-xygi-sezk.s5uh" _uuid="00000000-0000-0000-0AD8-336A66F4A0F2" _position="0" _address="https://data.cityofnewyork.us/resource/_825b-niea/row-xygi-sezk.s5uh"><grade>8</grade><year>2010</year><category>Asian</category><number_tested>11161</number_tested><mean_scale_score>701</mean_scale_score><level_1_1>340</level_1_1><level_1_2>3.0</level_1_2><level_2_1>1910</level_2_1><level_2_2>17.1</level_2_2><level_3_1>3865</level_3_1><level_3_2>34.6</level_3_2><level_4_1>5046</level_4_1><level_4_2>45.2</level_4_2><level_3_4_1>8911</level_3_4_1><level_3_4_2>79.8</level_3_4_2></row><row _id="row-zcbt~dzmu~n5gv" _uuid="00000000-0000-0000-A0DB-41B626CBF1C0" _position="0" _address="https://data.cityofnewyork.us/resource/_825b-niea/row-zcbt~dzmu~n5gv"><grade>All Grades</grade><year>2010</year><category>Asian</category><number_tested>65093</number_tested><mean_scale_score>703</mean_scale_score><level_1_1>1958</level_1_1><level_1_2>3.0</level_1_2><level_2_1>9982</level_2_1><level_2_2>15.3</level_2_2><level_3_1>21484</level_3_1><level_3_2>33.0</level_3_2><level_4_1>31669</level_4_1><level_4_2>48.7</level_4_2><level_3_4_1>53153</level_3_4_1><level_3_4_2>81.7</level_3_4_2></row><row _id="row-c877.h34e~bmde" _uuid="00000000-0000-0000-427A-A36E152FD080" _position="0" _address="https://data.cityofnewyork.us/resource/_825b-niea/row-c877.h34e~bmde"><grade>3</grade><year>2011</year><category>Asian</category><number_tested>11007</number_tested><mean_scale_score>697</mean_scale_score><level_1_1>402</level_1_1><level_1_2>3.7</level_1_2><level_2_1>1839</level_2_1><level_2_2>16.7</level_2_2><level_3_1>5652</level_3_1><level_3_2>51.3</level_3_2><level_4_1>3114</level_4_1><level_4_2>28.3</level_4_2><level_3_4_1>8766</level_3_4_1><level_3_4_2>79.6</level_3_4_2></row><row _id="row-bn3z.3rxa_ap3n" _uuid="00000000-0000-0000-FB8B-3A19D005032F" _position="0" _address="https://data.cityofnewyork.us/resource/_825b-niea/row-bn3z.3rxa_ap3n"><grade>4</grade><year>2011</year><category>Asian</category><number_tested>10743</number_tested><mean_scale_score>708</mean_scale_score><level_1_1>212</level_1_1><level_1_2>2.0</level_1_2><level_2_1>1269</level_2_1><level_2_2>11.8</level_2_2><level_3_1>3597</level_3_1><level_3_2>33.5</level_3_2><level_4_1>5665</level_4_1><level_4_2>52.7</level_4_2><level_3_4_1>9262</level_3_4_1><level_3_4_2>86.2</level_3_4_2></row><row _id="row-95tn_i2gj~2qiv" _uuid="00000000-0000-0000-0758-A53C022243AD" _position="0" _address="https://data.cityofnewyork.us/resource/_825b-niea/row-95tn_i2gj~2qiv"><grade>5</grade><year>2011</year><category>Asian</category><number_tested>11463</number_tested><mean_scale_score>706</mean_scale_score><level_1_1>235</level_1_1><level_1_2>2.1</level_1_2><level_2_1>1347</level_2_1><level_2_2>11.8</level_2_2><level_3_1>4097</level_3_1><level_3_2>35.7</level_3_2><level_4_1>5784</level_4_1><level_4_2>50.5</level_4_2><level_3_4_1>9881</level_3_4_1><level_3_4_2>86.2</level_3_4_2></row><row _id="row-sune~pujx_f256" _uuid="00000000-0000-0000-F17B-9EF64B900390" _position="0" _address="https://data.cityofnewyork.us/resource/_825b-niea/row-sune~pujx_f256"><grade>6</grade><year>2011</year><category>Asian</category><number_tested>10328</number_tested><mean_scale_score>704</mean_scale_score><level_1_1>274</level_1_1><level_1_2>2.7</level_1_2><level_2_1>1283</level_2_1><level_2_2>12.4</level_2_2><level_3_1>3176</level_3_1><level_3_2>30.8</level_3_2><level_4_1>5595</level_4_1><level_4_2>54.2</level_4_2><level_3_4_1>8771</level_3_4_1><level_3_4_2>84.9</level_3_4_2></row><row _id="row-k6m6~47em.akyp" _uuid="00000000-0000-0000-FFFE-A19B4E17788F" _position="0" _address="https://data.cityofnewyork.us/resource/_825b-niea/row-k6m6~47em.akyp"><grade>7</grade><year>2011</year><category>Asian</category><number_tested>10475</number_tested><mean_scale_score>698</mean_scale_score><level_1_1>320</level_1_1><level_1_2>3.1</level_1_2><level_2_1>1445</level_2_1><level_2_2>13.8</level_2_2><level_3_1>2762</level_3_1><level_3_2>26.4</level_3_2><level_4_1>5948</level_4_1><level_4_2>56.8</level_4_2><level_3_4_1>8710</level_3_4_1><level_3_4_2>83.2</level_3_4_2></row><row _id="row-kpvq.u6yw.vfn6" _uuid="00000000-0000-0000-A4A7-391C5D39B245" _position="0" _address="https://data.cityofnewyork.us/resource/_825b-niea/row-kpvq.u6yw.vfn6"><grade>8</grade><year>2011</year><category>Asian</category><number_tested>11031</number_tested><mean_scale_score>699</mean_scale_score><level_1_1>319</level_1_1><level_1_2>2.9</level_1_2><level_2_1>1482</level_2_1><level_2_2>13.4</level_2_2><level_3_1>4075</level_3_1><level_3_2>36.9</level_3_2><level_4_1>5155</level_4_1><level_4_2>46.7</level_4_2><level_3_4_1>9230</level_3_4_1><level_3_4_2>83.7</level_3_4_2></row><row _id="row-nry7~qcph~8qbg" _uuid="00000000-0000-0000-F054-6EC99586FD09" _position="0" _address="https://data.cityofnewyork.us/resource/_825b-niea/row-nry7~qcph~8qbg"><grade>All Grades</grade><year>2011</year><category>Asian</category><number_tested>65047</number_tested><mean_scale_score>702</mean_scale_score><level_1_1>1762</level_1_1><level_1_2>2.7</level_1_2><level_2_1>8665</level_2_1><level_2_2>13.3</level_2_2><level_3_1>23359</level_3_1><level_3_2>35.9</level_3_2><level_4_1>31261</level_4_1><level_4_2>48.1</level_4_2><level_3_4_1>54620</level_3_4_1><level_3_4_2>84.0</level_3_4_2></row><row _id="row-y92a-2qju-xwxh" _uuid="00000000-0000-0000-48EC-BB8D15C99C78" _position="0" _address="https://data.cityofnewyork.us/resource/_825b-niea/row-y92a-2qju-xwxh"><grade>3</grade><year>2006</year><category>Black</category><number_tested>23596</number_tested><mean_scale_score>664</mean_scale_score><level_1_1>2849</level_1_1><level_1_2>12.1</level_1_2><level_2_1>4717</level_2_1><level_2_2>20.0</level_2_2><level_3_1>12471</level_3_1><level_3_2>52.9</level_3_2><level_4_1>3559</level_4_1><level_4_2>15.1</level_4_2><level_3_4_1>16030</level_3_4_1><level_3_4_2>67.9</level_3_4_2></row><row _id="row-8f8q-kvf3-qyzj" _uuid="00000000-0000-0000-A246-B8F2320EF3B6" _position="0" _address="https://data.cityofnewyork.us/resource/_825b-niea/row-8f8q-kvf3-qyzj"><grade>4</grade><year>2006</year><category>Black</category><number_tested>22801</number_tested><mean_scale_score>659</mean_scale_score><level_1_1>2974</level_1_1><level_1_2>13.0</level_1_2><level_2_1>5552</level_2_1><level_2_2>24.3</level_2_2><level_3_1>11435</level_3_1><level_3_2>50.2</level_3_2><level_4_1>2840</level_4_1><level_4_2>12.5</level_4_2><level_3_4_1>14275</level_3_4_1><level_3_4_2>62.6</level_3_4_2></row><row _id="row-q8cj.75vc.7vi6" _uuid="00000000-0000-0000-EC17-965AF31772B1" _position="0" _address="https://data.cityofnewyork.us/resource/_825b-niea/row-q8cj.75vc.7vi6"><grade>5</grade><year>2006</year><category>Black</category><number_tested>23915</number_tested><mean_scale_score>649</mean_scale_score><level_1_1>4248</level_1_1><level_1_2>17.8</level_1_2><level_2_1>7596</level_2_1><level_2_2>31.8</level_2_2><level_3_1>10194</level_3_1><level_3_2>42.6</level_3_2><level_4_1>1877</level_4_1><level_4_2>7.8</level_4_2><level_3_4_1>12071</level_3_4_1><level_3_4_2>50.5</level_3_4_2></row><row _id="row-j8j2-vqii_e4m6" _uuid="00000000-0000-0000-9632-8A3AC269F5F9" _position="0" _address="https://data.cityofnewyork.us/resource/_825b-niea/row-j8j2-vqii_e4m6"><grade>6</grade><year>2006</year><category>Black</category><number_tested>24497</number_tested><mean_scale_score>639</mean_scale_score><level_1_1>5596</level_1_1><level_1_2>22.8</level_1_2><level_2_1>8568</level_2_1><level_2_2>35.0</level_2_2><level_3_1>9066</level_3_1><level_3_2>37.0</level_3_2><level_4_1>1267</level_4_1><level_4_2>5.2</level_4_2><level_3_4_1>10333</level_3_4_1><level_3_4_2>42.2</level_3_4_2></row><row _id="row-cfkm_7rna~wb64" _uuid="00000000-0000-0000-CC4B-21B95DCC7296" _position="0" _address="https://data.cityofnewyork.us/resource/_825b-niea/row-cfkm_7rna~wb64"><grade>7</grade><year>2006</year><category>Black</category><number_tested>25524</number_tested><mean_scale_score>631</mean_scale_score><level_1_1>6263</level_1_1><level_1_2>24.5</level_1_2><level_2_1>11109</level_2_1><level_2_2>43.5</level_2_2><level_3_1>7474</level_3_1><level_3_2>29.3</level_3_2><level_4_1>678</level_4_1><level_4_2>2.7</level_4_2><level_3_4_1>8152</level_3_4_1><level_3_4_2>31.9</level_3_4_2></row><row _id="row-p66e_jzuw_y5wx" _uuid="00000000-0000-0000-5F91-D6DC8A4C8B3E" _position="0" _address="https://data.cityofnewyork.us/resource/_825b-niea/row-p66e_jzuw_y5wx"><grade>8</grade><year>2006</year><category>Black</category><number_tested>25896</number_tested><mean_scale_score>628</mean_scale_score><level_1_1>8048</level_1_1><level_1_2>31.1</level_1_2><level_2_1>10772</level_2_1><level_2_2>41.6</level_2_2><level_3_1>6471</level_3_1><level_3_2>25.0</level_3_2><level_4_1>605</level_4_1><level_4_2>2.3</level_4_2><level_3_4_1>7076</level_3_4_1><level_3_4_2>27.3</level_3_4_2></row><row _id="row-bikr_nw6d-eg29" _uuid="00000000-0000-0000-01B5-B2C91B2CA08C" _position="0" _address="https://data.cityofnewyork.us/resource/_825b-niea/row-bikr_nw6d-eg29"><grade>All Grades</grade><year>2006</year><category>Black</category><number_tested>146229</number_tested><mean_scale_score>644</mean_scale_score><level_1_1>29978</level_1_1><level_1_2>20.5</level_1_2><level_2_1>48314</level_2_1><level_2_2>33.0</level_2_2><level_3_1>57111</level_3_1><level_3_2>39.1</level_3_2><level_4_1>10826</level_4_1><level_4_2>7.4</level_4_2><level_3_4_1>67937</level_3_4_1><level_3_4_2>46.5</level_3_4_2></row><row _id="row-388p_3vej.s7rn" _uuid="00000000-0000-0000-C759-E94C3BD54495" _position="0" _address="https://data.cityofnewyork.us/resource/_825b-niea/row-388p_3vej.s7rn"><grade>3</grade><year>2007</year><category>Black</category><number_tested>22677</number_tested><mean_scale_score>675</mean_scale_score><level_1_1>1596</level_1_1><level_1_2>7.0</level_1_2><level_2_1>3643</level_2_1><level_2_2>16.1</level_2_2><level_3_1>12727</level_3_1><level_3_2>56.1</level_3_2><level_4_1>4711</level_4_1><level_4_2>20.8</level_4_2><level_3_4_1>17438</level_3_4_1><level_3_4_2>76.9</level_3_4_2></row><row _id="row-qrt4.tvc5-i4f8" _uuid="00000000-0000-0000-7959-0011F5EE89C4" _position="0" _address="https://data.cityofnewyork.us/resource/_825b-niea/row-qrt4.tvc5-i4f8"><grade>4</grade><year>2007</year><category>Black</category><number_tested>22291</number_tested><mean_scale_score>663</mean_scale_score><level_1_1>2354</level_1_1><level_1_2>10.6</level_1_2><level_2_1>5292</level_2_1><level_2_2>23.7</level_2_2><level_3_1>11589</level_3_1><level_3_2>52.0</level_3_2><level_4_1>3056</level_4_1><level_4_2>13.7</level_4_2><level_3_4_1>14645</level_3_4_1><level_3_4_2>65.7</level_3_4_2></row><row _id="row-kunj.6cx9.kqv2" _uuid="00000000-0000-0000-E2DC-527F3D9DE5CB" _position="0" _address="https://data.cityofnewyork.us/resource/_825b-niea/row-kunj.6cx9.kqv2"><grade>5</grade><year>2007</year><category>Black</category><number_tested>22838</number_tested><mean_scale_score>659</mean_scale_score><level_1_1>2202</level_1_1><level_1_2>9.6</level_1_2><level_2_1>6401</level_2_1><level_2_2>28.0</level_2_2><level_3_1>11652</level_3_1><level_3_2>51.0</level_3_2><level_4_1>2583</level_4_1><level_4_2>11.3</level_4_2><level_3_4_1>14235</level_3_4_1><level_3_4_2>62.3</level_3_4_2></row><row _id="row-ubew-ye3p-eydf" _uuid="00000000-0000-0000-3AE8-3231347BEFDC" _position="0" _address="https://data.cityofnewyork.us/resource/_825b-niea/row-ubew-ye3p-eydf"><grade>6</grade><year>2007</year><category>Black</category><number_tested>22603</number_tested><mean_scale_score>650</mean_scale_score><level_1_1>3599</level_1_1><level_1_2>15.9</level_1_2><level_2_1>7007</level_2_1><level_2_2>31.0</level_2_2><level_3_1>9954</level_3_1><level_3_2>44.0</level_3_2><level_4_1>2043</level_4_1><level_4_2>9.0</level_4_2><level_3_4_1>11997</level_3_4_1><level_3_4_2>53.1</level_3_4_2></row><row _id="row-b8cx-nvwf.ucf2" _uuid="00000000-0000-0000-458E-2B101173A25E" _position="0" _address="https://data.cityofnewyork.us/resource/_825b-niea/row-b8cx-nvwf.ucf2"><grade>7</grade><year>2007</year><category>Black</category><number_tested>24422</number_tested><mean_scale_score>644</mean_scale_score><level_1_1>3547</level_1_1><level_1_2>14.5</level_1_2><level_2_1>10122</level_2_1><level_2_2>41.4</level_2_2><level_3_1>9298</level_3_1><level_3_2>38.1</level_3_2><level_4_1>1455</level_4_1><level_4_2>6.0</level_4_2><level_3_4_1>10753</level_3_4_1><level_3_4_2>44.0</level_3_4_2></row><row _id="row-t2sh~9tap-zr9k" _uuid="00000000-0000-0000-B993-5916E484DE92" _position="0" _address="https://data.cityofnewyork.us/resource/_825b-niea/row-t2sh~9tap-zr9k"><grade>8</grade><year>2007</year><category>Black</category><number_tested>24951</number_tested><mean_scale_score>636</mean_scale_score><level_1_1>6184</level_1_1><level_1_2>24.8</level_1_2><level_2_1>10370</level_2_1><level_2_2>41.6</level_2_2><level_3_1>7582</level_3_1><level_3_2>30.4</level_3_2><level_4_1>815</level_4_1><level_4_2>3.3</level_4_2><level_3_4_1>8397</level_3_4_1><level_3_4_2>33.7</level_3_4_2></row><row _id="row-7dzx_db4y-72rm" _uuid="00000000-0000-0000-D6ED-AEF13F631235" _position="0" _address="https://data.cityofnewyork.us/resource/_825b-niea/row-7dzx_db4y-72rm"><grade>All Grades</grade><year>2007</year><category>Black</category><number_tested>139782</number_tested><mean_scale_score>654</mean_scale_score><level_1_1>19482</level_1_1><level_1_2>13.9</level_1_2><level_2_1>42835</level_2_1><level_2_2>30.6</level_2_2><level_3_1>62802</level_3_1><level_3_2>44.9</level_3_2><level_4_1>14663</level_4_1><level_4_2>10.5</level_4_2><level_3_4_1>77465</level_3_4_1><level_3_4_2>55.4</level_3_4_2></row><row _id="row-jtdd_qmni~r7cq" _uuid="00000000-0000-0000-A9D6-CDD505915181" _position="0" _address="https://data.cityofnewyork.us/resource/_825b-niea/row-jtdd_qmni~r7cq"><grade>3</grade><year>2008</year><category>Black</category><number_tested>21082</number_tested><mean_scale_score>676</mean_scale_score><level_1_1>924</level_1_1><level_1_2>4.4</level_1_2><level_2_1>2816</level_2_1><level_2_2>13.4</level_2_2><level_3_1>14251</level_3_1><level_3_2>67.6</level_3_2><level_4_1>3091</level_4_1><level_4_2>14.7</level_4_2><level_3_4_1>17342</level_3_4_1><level_3_4_2>82.3</level_3_4_2></row><row _id="row-5975_jpye~qw7q" _uuid="00000000-0000-0000-2945-D52C645100BF" _position="0" _address="https://data.cityofnewyork.us/resource/_825b-niea/row-5975_jpye~qw7q"><grade>4</grade><year>2008</year><category>Black</category><number_tested>21918</number_tested><mean_scale_score>668</mean_scale_score><level_1_1>1877</level_1_1><level_1_2>8.6</level_1_2><level_2_1>4093</level_2_1><level_2_2>18.7</level_2_2><level_3_1>12487</level_3_1><level_3_2>57.0</level_3_2><level_4_1>3461</level_4_1><level_4_2>15.8</level_4_2><level_3_4_1>15948</level_3_4_1><level_3_4_2>72.8</level_3_4_2></row><row _id="row-f52p~qmt8-9dgb" _uuid="00000000-0000-0000-4169-B6B111469D27" _position="0" _address="https://data.cityofnewyork.us/resource/_825b-niea/row-f52p~qmt8-9dgb"><grade>5</grade><year>2008</year><category>Black</category><number_tested>21638</number_tested><mean_scale_score>665</mean_scale_score><level_1_1>1449</level_1_1><level_1_2>6.7</level_1_2><level_2_1>4661</level_2_1><level_2_2>21.5</level_2_2><level_3_1>12492</level_3_1><level_3_2>57.7</level_3_2><level_4_1>3036</level_4_1><level_4_2>14.0</level_4_2><level_3_4_1>15528</level_3_4_1><level_3_4_2>71.8</level_3_4_2></row><row _id="row-t5ub~m4wh.5txt" _uuid="00000000-0000-0000-379B-8208EADC6EE1" _position="0" _address="https://data.cityofnewyork.us/resource/_825b-niea/row-t5ub~m4wh.5txt"><grade>6</grade><year>2008</year><category>Black</category><number_tested>21732</number_tested><mean_scale_score>657</mean_scale_score><level_1_1>2185</level_1_1><level_1_2>10.1</level_1_2><level_2_1>5864</level_2_1><level_2_2>27.0</level_2_2><level_3_1>11145</level_3_1><level_3_2>51.3</level_3_2><level_4_1>2538</level_4_1><level_4_2>11.7</level_4_2><level_3_4_1>13683</level_3_4_1><level_3_4_2>63.0</level_3_4_2></row><row _id="row-eqfj_mmx2-hsb4" _uuid="00000000-0000-0000-29AC-D9A450D20074" _position="0" _address="https://data.cityofnewyork.us/resource/_825b-niea/row-eqfj_mmx2-hsb4"><grade>7</grade><year>2008</year><category>Black</category><number_tested>23141</number_tested><mean_scale_score>654</mean_scale_score><level_1_1>1717</level_1_1><level_1_2>7.4</level_1_2><level_2_1>7651</level_2_1><level_2_2>33.1</level_2_2><level_3_1>11722</level_3_1><level_3_2>50.7</level_3_2><level_4_1>2051</level_4_1><level_4_2>8.9</level_4_2><level_3_4_1>13773</level_3_4_1><level_3_4_2>59.5</level_3_4_2></row><row _id="row-quw3~8dn2-wv2t" _uuid="00000000-0000-0000-7101-6E1195ED14FF" _position="0" _address="https://data.cityofnewyork.us/resource/_825b-niea/row-quw3~8dn2-wv2t"><grade>8</grade><year>2008</year><category>Black</category><number_tested>23489</number_tested><mean_scale_score>647</mean_scale_score><level_1_1>3243</level_1_1><level_1_2>13.8</level_1_2><level_2_1>8889</level_2_1><level_2_2>37.8</level_2_2><level_3_1>10018</level_3_1><level_3_2>42.6</level_3_2><level_4_1>1339</level_4_1><level_4_2>5.7</level_4_2><level_3_4_1>11357</level_3_4_1><level_3_4_2>48.4</level_3_4_2></row><row _id="row-5z8w.7mux-imp8" _uuid="00000000-0000-0000-4E7C-9B4A04A4919A" _position="0" _address="https://data.cityofnewyork.us/resource/_825b-niea/row-5z8w.7mux-imp8"><grade>All Grades</grade><year>2008</year><category>Black</category><number_tested>133000</number_tested><mean_scale_score>661</mean_scale_score><level_1_1>11395</level_1_1><level_1_2>8.6</level_1_2><level_2_1>33974</level_2_1><level_2_2>25.5</level_2_2><level_3_1>72115</level_3_1><level_3_2>54.2</level_3_2><level_4_1>15516</level_4_1><level_4_2>11.7</level_4_2><level_3_4_1>87631</level_3_4_1><level_3_4_2>65.9</level_3_4_2></row><row _id="row-pi8x.7a2c_tbr3" _uuid="00000000-0000-0000-B2EE-E601FAC06686" _position="0" _address="https://data.cityofnewyork.us/resource/_825b-niea/row-pi8x.7a2c_tbr3"><grade>3</grade><year>2009</year><category>Black</category><number_tested>20655</number_tested><mean_scale_score>680</mean_scale_score><level_1_1>375</level_1_1><level_1_2>1.8</level_1_2><level_2_1>2134</level_2_1><level_2_2>10.3</level_2_2><level_3_1>14826</level_3_1><level_3_2>71.8</level_3_2><level_4_1>3320</level_4_1><level_4_2>16.1</level_4_2><level_3_4_1>18146</level_3_4_1><level_3_4_2>87.9</level_3_4_2></row><row _id="row-63e4_u7t9~v8vw" _uuid="00000000-0000-0000-D7E9-D7C8635ED4B7" _position="0" _address="https://data.cityofnewyork.us/resource/_825b-niea/row-63e4_u7t9~v8vw"><grade>4</grade><year>2009</year><category>Black</category><number_tested>20896</number_tested><mean_scale_score>677</mean_scale_score><level_1_1>1315</level_1_1><level_1_2>6.3</level_1_2><level_2_1>3055</level_2_1><level_2_2>14.6</level_2_2><level_3_1>11723</level_3_1><level_3_2>56.1</level_3_2><level_4_1>4803</level_4_1><level_4_2>23.0</level_4_2><level_3_4_1>16526</level_3_4_1><level_3_4_2>79.1</level_3_4_2></row><row _id="row-yd8a.ebab~ed7e" _uuid="00000000-0000-0000-E1F0-3D1CAB1181DA" _position="0" _address="https://data.cityofnewyork.us/resource/_825b-niea/row-yd8a.ebab~ed7e"><grade>5</grade><year>2009</year><category>Black</category><number_tested>21158</number_tested><mean_scale_score>673</mean_scale_score><level_1_1>815</level_1_1><level_1_2>3.9</level_1_2><level_2_1>3491</level_2_1><level_2_2>16.5</level_2_2><level_3_1>12436</level_3_1><level_3_2>58.8</level_3_2><level_4_1>4416</level_4_1><level_4_2>20.9</level_4_2><level_3_4_1>16852</level_3_4_1><level_3_4_2>79.6</level_3_4_2></row><row _id="row-vy8y.4pe6-mk85" _uuid="00000000-0000-0000-624A-EBD2F73122A3" _position="0" _address="https://data.cityofnewyork.us/resource/_825b-niea/row-vy8y.4pe6-mk85"><grade>6</grade><year>2009</year><category>Black</category><number_tested>21462</number_tested><mean_scale_score>664</mean_scale_score><level_1_1>1463</level_1_1><level_1_2>6.8</level_1_2><level_2_1>5201</level_2_1><level_2_2>24.2</level_2_2><level_3_1>12102</level_3_1><level_3_2>56.4</level_3_2><level_4_1>2696</level_4_1><level_4_2>12.6</level_4_2><level_3_4_1>14798</level_3_4_1><level_3_4_2>68.9</level_3_4_2></row><row _id="row-6uzi-axzu_664t" _uuid="00000000-0000-0000-6DF9-020F97DBE8B5" _position="0" _address="https://data.cityofnewyork.us/resource/_825b-niea/row-6uzi-axzu_664t"><grade>7</grade><year>2009</year><category>Black</category><number_tested>22147</number_tested><mean_scale_score>664</mean_scale_score><level_1_1>577</level_1_1><level_1_2>2.6</level_1_2><level_2_1>5067</level_2_1><level_2_2>22.9</level_2_2><level_3_1>13987</level_3_1><level_3_2>63.2</level_3_2><level_4_1>2516</level_4_1><level_4_2>11.4</level_4_2><level_3_4_1>16503</level_3_4_1><level_3_4_2>74.5</level_3_4_2></row><row _id="row-k3en.8qgh_bv63" _uuid="00000000-0000-0000-A408-A10F5AFCC00C" _position="0" _address="https://data.cityofnewyork.us/resource/_825b-niea/row-k3en.8qgh_bv63"><grade>8</grade><year>2009</year><category>Black</category><number_tested>23054</number_tested><mean_scale_score>658</mean_scale_score><level_1_1>1378</level_1_1><level_1_2>6.0</level_1_2><level_2_1>7430</level_2_1><level_2_2>32.2</level_2_2><level_3_1>12706</level_3_1><level_3_2>55.1</level_3_2><level_4_1>1540</level_4_1><level_4_2>6.7</level_4_2><level_3_4_1>14246</level_3_4_1><level_3_4_2>61.8</level_3_4_2></row><row _id="row-snt7~9teb.dwmx" _uuid="00000000-0000-0000-5B37-A77F0B03D289" _position="0" _address="https://data.cityofnewyork.us/resource/_825b-niea/row-snt7~9teb.dwmx"><grade>All Grades</grade><year>2009</year><category>Black</category><number_tested>129372</number_tested><mean_scale_score>669</mean_scale_score><level_1_1>5923</level_1_1><level_1_2>4.6</level_1_2><level_2_1>26378</level_2_1><level_2_2>20.4</level_2_2><level_3_1>77780</level_3_1><level_3_2>60.1</level_3_2><level_4_1>19291</level_4_1><level_4_2>14.9</level_4_2><level_3_4_1>97071</level_3_4_1><level_3_4_2>75.0</level_3_4_2></row><row _id="row-4ga7~djyy.ubbq" _uuid="00000000-0000-0000-C920-29FDDDD7B45E" _position="0" _address="https://data.cityofnewyork.us/resource/_825b-niea/row-4ga7~djyy.ubbq"><grade>3</grade><year>2010</year><category>Black</category><number_tested>20268</number_tested><mean_scale_score>682</mean_scale_score><level_1_1>3464</level_1_1><level_1_2>17.1</level_1_2><level_2_1>8393</level_2_1><level_2_2>41.4</level_2_2><level_3_1>5733</level_3_1><level_3_2>28.3</level_3_2><level_4_1>2678</level_4_1><level_4_2>13.2</level_4_2><level_3_4_1>8411</level_3_4_1><level_3_4_2>41.5</level_3_4_2></row><row _id="row-ina9-arxm.9tb5" _uuid="00000000-0000-0000-893E-6032B0043647" _position="0" _address="https://data.cityofnewyork.us/resource/_825b-niea/row-ina9-arxm.9tb5"><grade>4</grade><year>2010</year><category>Black</category><number_tested>20767</number_tested><mean_scale_score>673</mean_scale_score><level_1_1>2052</level_1_1><level_1_2>9.9</level_1_2><level_2_1>9289</level_2_1><level_2_2>44.7</level_2_2><level_3_1>6725</level_3_1><level_3_2>32.4</level_3_2><level_4_1>2701</level_4_1><level_4_2>13.0</level_4_2><level_3_4_1>9426</level_3_4_1><level_3_4_2>45.4</level_3_4_2></row><row _id="row-y5wc_4iu7~x9xd" _uuid="00000000-0000-0000-C700-B5C5EE282192" _position="0" _address="https://data.cityofnewyork.us/resource/_825b-niea/row-y5wc_4iu7~x9xd"><grade>5</grade><year>2010</year><category>Black</category><number_tested>20354</number_tested><mean_scale_score>672</mean_scale_score><level_1_1>2187</level_1_1><level_1_2>10.7</level_1_2><level_2_1>8769</level_2_1><level_2_2>43.1</level_2_2><level_3_1>6910</level_3_1><level_3_2>33.9</level_3_2><level_4_1>2488</level_4_1><level_4_2>12.2</level_4_2><level_3_4_1>9398</level_3_4_1><level_3_4_2>46.2</level_3_4_2></row><row _id="row-qqaw_k8n3-i98s" _uuid="00000000-0000-0000-25B5-BC2596B39A96" _position="0" _address="https://data.cityofnewyork.us/resource/_825b-niea/row-qqaw_k8n3-i98s"><grade>6</grade><year>2010</year><category>Black</category><number_tested>21092</number_tested><mean_scale_score>665</mean_scale_score><level_1_1>3354</level_1_1><level_1_2>15.9</level_1_2><level_2_1>9385</level_2_1><level_2_2>44.5</level_2_2><level_3_1>5810</level_3_1><level_3_2>27.5</level_3_2><level_4_1>2543</level_4_1><level_4_2>12.1</level_4_2><level_3_4_1>8353</level_3_4_1><level_3_4_2>39.6</level_3_4_2></row><row _id="row-yt9g.4zed.86h7" _uuid="00000000-0000-0000-53BD-F9601E133F18" _position="0" _address="https://data.cityofnewyork.us/resource/_825b-niea/row-yt9g.4zed.86h7"><grade>7</grade><year>2010</year><category>Black</category><number_tested>21566</number_tested><mean_scale_score>661</mean_scale_score><level_1_1>3503</level_1_1><level_1_2>16.2</level_1_2><level_2_1>9682</level_2_1><level_2_2>44.9</level_2_2><level_3_1>6043</level_3_1><level_3_2>28.0</level_3_2><level_4_1>2338</level_4_1><level_4_2>10.8</level_4_2><level_3_4_1>8381</level_3_4_1><level_3_4_2>38.9</level_3_4_2></row><row _id="row-ui8s~5jig_wdpd" _uuid="00000000-0000-0000-1C45-B91F4F8CED48" _position="0" _address="https://data.cityofnewyork.us/resource/_825b-niea/row-ui8s~5jig_wdpd"><grade>8</grade><year>2010</year><category>Black</category><number_tested>22445</number_tested><mean_scale_score>662</mean_scale_score><level_1_1>4146</level_1_1><level_1_2>18.5</level_1_2><level_2_1>11138</level_2_1><level_2_2>49.6</level_2_2><level_3_1>5457</level_3_1><level_3_2>24.3</level_3_2><level_4_1>1704</level_4_1><level_4_2>7.6</level_4_2><level_3_4_1>7161</level_3_4_1><level_3_4_2>31.9</level_3_4_2></row><row _id="row-8ikp.zzpr-tcmm" _uuid="00000000-0000-0000-4C25-CCF8E73CAB09" _position="0" _address="https://data.cityofnewyork.us/resource/_825b-niea/row-8ikp.zzpr-tcmm"><grade>All Grades</grade><year>2010</year><category>Black</category><number_tested>126492</number_tested><mean_scale_score>669</mean_scale_score><level_1_1>18706</level_1_1><level_1_2>14.8</level_1_2><level_2_1>56656</level_2_1><level_2_2>44.8</level_2_2><level_3_1>36678</level_3_1><level_3_2>29.0</level_3_2><level_4_1>14452</level_4_1><level_4_2>11.4</level_4_2><level_3_4_1>51130</level_3_4_1><level_3_4_2>40.4</level_3_4_2></row><row _id="row-tkvs~iz9e.xczb" _uuid="00000000-0000-0000-8505-3B38FC25C10A" _position="0" _address="https://data.cityofnewyork.us/resource/_825b-niea/row-tkvs~iz9e.xczb"><grade>3</grade><year>2011</year><category>Black</category><number_tested>19784</number_tested><mean_scale_score>679</mean_scale_score><level_1_1>3091</level_1_1><level_1_2>15.6</level_1_2><level_2_1>8370</level_2_1><level_2_2>42.3</level_2_2><level_3_1>7192</level_3_1><level_3_2>36.4</level_3_2><level_4_1>1131</level_4_1><level_4_2>5.7</level_4_2><level_3_4_1>8323</level_3_4_1><level_3_4_2>42.1</level_3_4_2></row><row _id="row-ufuw~nkf7_7fdc" _uuid="00000000-0000-0000-6E23-3F986A63492C" _position="0" _address="https://data.cityofnewyork.us/resource/_825b-niea/row-ufuw~nkf7_7fdc"><grade>4</grade><year>2011</year><category>Black</category><number_tested>20272</number_tested><mean_scale_score>675</mean_scale_score><level_1_1>1816</level_1_1><level_1_2>9.0</level_1_2><level_2_1>8386</level_2_1><level_2_2>41.4</level_2_2><level_3_1>7371</level_3_1><level_3_2>36.4</level_3_2><level_4_1>2699</level_4_1><level_4_2>13.3</level_4_2><level_3_4_1>10070</level_3_4_1><level_3_4_2>49.7</level_3_4_2></row><row _id="row-u3dp.xibv.xhky" _uuid="00000000-0000-0000-0555-CAE36D1F9C5E" _position="0" _address="https://data.cityofnewyork.us/resource/_825b-niea/row-u3dp.xibv.xhky"><grade>5</grade><year>2011</year><category>Black</category><number_tested>19817</number_tested><mean_scale_score>675</mean_scale_score><level_1_1>1786</level_1_1><level_1_2>9.0</level_1_2><level_2_1>7928</level_2_1><level_2_2>40.0</level_2_2><level_3_1>7876</level_3_1><level_3_2>39.7</level_3_2><level_4_1>2227</level_4_1><level_4_2>11.2</level_4_2><level_3_4_1>10103</level_3_4_1><level_3_4_2>51.0</level_3_4_2></row><row _id="row-bnhu-n4gf_ma94" _uuid="00000000-0000-0000-2022-266A10C6216D" _position="0" _address="https://data.cityofnewyork.us/resource/_825b-niea/row-bnhu-n4gf_ma94"><grade>6</grade><year>2011</year><category>Black</category><number_tested>20312</number_tested><mean_scale_score>667</mean_scale_score><level_1_1>3122</level_1_1><level_1_2>15.4</level_1_2><level_2_1>8544</level_2_1><level_2_2>42.1</level_2_2><level_3_1>6335</level_3_1><level_3_2>31.2</level_3_2><level_4_1>2311</level_4_1><level_4_2>11.4</level_4_2><level_3_4_1>8646</level_3_4_1><level_3_4_2>42.6</level_3_4_2></row><row _id="row-h39h-3vrq_qwri" _uuid="00000000-0000-0000-047A-534AEF06F271" _position="0" _address="https://data.cityofnewyork.us/resource/_825b-niea/row-h39h-3vrq_qwri"><grade>7</grade><year>2011</year><category>Black</category><number_tested>21095</number_tested><mean_scale_score>664</mean_scale_score><level_1_1>3163</level_1_1><level_1_2>15.0</level_1_2><level_2_1>9100</level_2_1><level_2_2>43.1</level_2_2><level_3_1>6189</level_3_1><level_3_2>29.3</level_3_2><level_4_1>2643</level_4_1><level_4_2>12.5</level_4_2><level_3_4_1>8832</level_3_4_1><level_3_4_2>41.9</level_3_4_2></row><row _id="row-ahuq.dqi2.2th9" _uuid="00000000-0000-0000-998F-F59ED31C581C" _position="0" _address="https://data.cityofnewyork.us/resource/_825b-niea/row-ahuq.dqi2.2th9"><grade>8</grade><year>2011</year><category>Black</category><number_tested>21555</number_tested><mean_scale_score>663</mean_scale_score><level_1_1>3419</level_1_1><level_1_2>15.9</level_1_2><level_2_1>9789</level_2_1><level_2_2>45.4</level_2_2><level_3_1>6838</level_3_1><level_3_2>31.7</level_3_2><level_4_1>1509</level_4_1><level_4_2>7.0</level_4_2><level_3_4_1>8347</level_3_4_1><level_3_4_2>38.7</level_3_4_2></row><row _id="row-8isw.4p42-3exs" _uuid="00000000-0000-0000-5D53-BA7733BA2352" _position="0" _address="https://data.cityofnewyork.us/resource/_825b-niea/row-8isw.4p42-3exs"><grade>All Grades</grade><year>2011</year><category>Black</category><number_tested>122835</number_tested><mean_scale_score>670</mean_scale_score><level_1_1>16397</level_1_1><level_1_2>13.3</level_1_2><level_2_1>52117</level_2_1><level_2_2>42.4</level_2_2><level_3_1>41801</level_3_1><level_3_2>34.0</level_3_2><level_4_1>12520</level_4_1><level_4_2>10.2</level_4_2><level_3_4_1>54321</level_3_4_1><level_3_4_2>44.2</level_3_4_2></row><row _id="row-y7vm.8t8z-u9yh" _uuid="00000000-0000-0000-6415-0E35B10B8EF9" _position="0" _address="https://data.cityofnewyork.us/resource/_825b-niea/row-y7vm.8t8z-u9yh"><grade>3</grade><year>2006</year><category>Hispanic</category><number_tested>29329</number_tested><mean_scale_score>667</mean_scale_score><level_1_1>3202</level_1_1><level_1_2>10.9</level_1_2><level_2_1>5429</level_2_1><level_2_2>18.5</level_2_2><level_3_1>15623</level_3_1><level_3_2>53.3</level_3_2><level_4_1>5075</level_4_1><level_4_2>17.3</level_4_2><level_3_4_1>20698</level_3_4_1><level_3_4_2>70.6</level_3_4_2></row><row _id="row-xsqw-risw~u8nz" _uuid="00000000-0000-0000-DA8C-E7553A729135" _position="0" _address="https://data.cityofnewyork.us/resource/_825b-niea/row-xsqw-risw~u8nz"><grade>4</grade><year>2006</year><category>Hispanic</category><number_tested>28802</number_tested><mean_scale_score>661</mean_scale_score><level_1_1>3685</level_1_1><level_1_2>12.8</level_1_2><level_2_1>6508</level_2_1><level_2_2>22.6</level_2_2><level_3_1>14652</level_3_1><level_3_2>50.9</level_3_2><level_4_1>3957</level_4_1><level_4_2>13.7</level_4_2><level_3_4_1>18609</level_3_4_1><level_3_4_2>64.6</level_3_4_2></row><row _id="row-8dqf_7sq4.g6dw" _uuid="00000000-0000-0000-EC66-4CAC8D7D090B" _position="0" _address="https://data.cityofnewyork.us/resource/_825b-niea/row-8dqf_7sq4.g6dw"><grade>5</grade><year>2006</year><category>Hispanic</category><number_tested>29860</number_tested><mean_scale_score>652</mean_scale_score><level_1_1>4630</level_1_1><level_1_2>15.5</level_1_2><level_2_1>8939</level_2_1><level_2_2>29.9</level_2_2><level_3_1>13274</level_3_1><level_3_2>44.5</level_3_2><level_4_1>3017</level_4_1><level_4_2>10.1</level_4_2><level_3_4_1>16291</level_3_4_1><level_3_4_2>54.6</level_3_4_2></row><row _id="row-ch65.fc6f-cdf7" _uuid="00000000-0000-0000-27F1-E1E5054DCB66" _position="0" _address="https://data.cityofnewyork.us/resource/_825b-niea/row-ch65.fc6f-cdf7"><grade>6</grade><year>2006</year><category>Hispanic</category><number_tested>29281</number_tested><mean_scale_score>641</mean_scale_score><level_1_1>6413</level_1_1><level_1_2>21.9</level_1_2><level_2_1>9913</level_2_1><level_2_2>33.9</level_2_2><level_3_1>11302</level_3_1><level_3_2>38.6</level_3_2><level_4_1>1653</level_4_1><level_4_2>5.6</level_4_2><level_3_4_1>12955</level_3_4_1><level_3_4_2>44.2</level_3_4_2></row><row _id="row-ghkb_z857_buu6" _uuid="00000000-0000-0000-5656-11F8A06684AB" _position="0" _address="https://data.cityofnewyork.us/resource/_825b-niea/row-ghkb_z857_buu6"><grade>7</grade><year>2006</year><category>Hispanic</category><number_tested>30165</number_tested><mean_scale_score>633</mean_scale_score><level_1_1>6629</level_1_1><level_1_2>22.0</level_1_2><level_2_1>12828</level_2_1><level_2_2>42.5</level_2_2><level_3_1>9801</level_3_1><level_3_2>32.5</level_3_2><level_4_1>907</level_4_1><level_4_2>3.0</level_4_2><level_3_4_1>10708</level_3_4_1><level_3_4_2>35.5</level_3_4_2></row><row _id="row-hs6d~n77e~qxs9" _uuid="00000000-0000-0000-7D10-D0840CD4E63E" _position="0" _address="https://data.cityofnewyork.us/resource/_825b-niea/row-hs6d~n77e~qxs9"><grade>8</grade><year>2006</year><category>Hispanic</category><number_tested>29945</number_tested><mean_scale_score>631</mean_scale_score><level_1_1>8532</level_1_1><level_1_2>28.5</level_1_2><level_2_1>12512</level_2_1><level_2_2>41.8</level_2_2><level_3_1>8094</level_3_1><level_3_2>27.0</level_3_2><level_4_1>807</level_4_1><level_4_2>2.7</level_4_2><level_3_4_1>8901</level_3_4_1><level_3_4_2>29.7</level_3_4_2></row><row _id="row-jffu_zjve-p37j" _uuid="00000000-0000-0000-DCF9-CE504086A306" _position="0" _address="https://data.cityofnewyork.us/resource/_825b-niea/row-jffu_zjve-p37j"><grade>All Grades</grade><year>2006</year><category>Hispanic</category><number_tested>177382</number_tested><mean_scale_score>647</mean_scale_score><level_1_1>33091</level_1_1><level_1_2>18.7</level_1_2><level_2_1>56129</level_2_1><level_2_2>31.6</level_2_2><level_3_1>72746</level_3_1><level_3_2>41.0</level_3_2><level_4_1>15416</level_4_1><level_4_2>8.7</level_4_2><level_3_4_1>88162</level_3_4_1><level_3_4_2>49.7</level_3_4_2></row><row _id="row-7jf2-zcxa~bjir" _uuid="00000000-0000-0000-3334-97DD4CBB6862" _position="0" _address="https://data.cityofnewyork.us/resource/_825b-niea/row-7jf2-zcxa~bjir"><grade>3</grade><year>2007</year><category>Hispanic</category><number_tested>29026</number_tested><mean_scale_score>676</mean_scale_score><level_1_1>1875</level_1_1><level_1_2>6.5</level_1_2><level_2_1>4320</level_2_1><level_2_2>14.9</level_2_2><level_3_1>16433</level_3_1><level_3_2>56.6</level_3_2><level_4_1>6398</level_4_1><level_4_2>22.0</level_4_2><level_3_4_1>22831</level_3_4_1><level_3_4_2>78.7</level_3_4_2></row><row _id="row-fcva~qcsv_8pjc" _uuid="00000000-0000-0000-B682-C04A831243BA" _position="0" _address="https://data.cityofnewyork.us/resource/_825b-niea/row-fcva~qcsv_8pjc"><grade>4</grade><year>2007</year><category>Hispanic</category><number_tested>28563</number_tested><mean_scale_score>666</mean_scale_score><level_1_1>2818</level_1_1><level_1_2>9.9</level_1_2><level_2_1>6002</level_2_1><level_2_2>21.0</level_2_2><level_3_1>15131</level_3_1><level_3_2>53.0</level_3_2><level_4_1>4612</level_4_1><level_4_2>16.1</level_4_2><level_3_4_1>19743</level_3_4_1><level_3_4_2>69.1</level_3_4_2></row><row _id="row-e57n_eggw~iwwa" _uuid="00000000-0000-0000-7445-8938F611F70A" _position="0" _address="https://data.cityofnewyork.us/resource/_825b-niea/row-e57n_eggw~iwwa"><grade>5</grade><year>2007</year><category>Hispanic</category><number_tested>28784</number_tested><mean_scale_score>662</mean_scale_score><level_1_1>2734</level_1_1><level_1_2>9.5</level_1_2><level_2_1>7298</level_2_1><level_2_2>25.4</level_2_2><level_3_1>14858</level_3_1><level_3_2>51.6</level_3_2><level_4_1>3894</level_4_1><level_4_2>13.5</level_4_2><level_3_4_1>18752</level_3_4_1><level_3_4_2>65.1</level_3_4_2></row><row _id="row-r3zp_eegf_y56t" _uuid="00000000-0000-0000-52A5-C132AB403B4D" _position="0" _address="https://data.cityofnewyork.us/resource/_825b-niea/row-r3zp_eegf_y56t"><grade>6</grade><year>2007</year><category>Hispanic</category><number_tested>28275</number_tested><mean_scale_score>653</mean_scale_score><level_1_1>4155</level_1_1><level_1_2>14.7</level_1_2><level_2_1>8137</level_2_1><level_2_2>28.8</level_2_2><level_3_1>13125</level_3_1><level_3_2>46.4</level_3_2><level_4_1>2858</level_4_1><level_4_2>10.1</level_4_2><level_3_4_1>15983</level_3_4_1><level_3_4_2>56.5</level_3_4_2></row><row _id="row-rt5i_4vav.84yf" _uuid="00000000-0000-0000-CDA1-D1DE6EFF738E" _position="0" _address="https://data.cityofnewyork.us/resource/_825b-niea/row-rt5i_4vav.84yf"><grade>7</grade><year>2007</year><category>Hispanic</category><number_tested>29304</number_tested><mean_scale_score>647</mean_scale_score><level_1_1>3699</level_1_1><level_1_2>12.6</level_1_2><level_2_1>11467</level_2_1><level_2_2>39.1</level_2_2><level_3_1>12091</level_3_1><level_3_2>41.3</level_3_2><level_4_1>2047</level_4_1><level_4_2>7.0</level_4_2><level_3_4_1>14138</level_3_4_1><level_3_4_2>48.2</level_3_4_2></row><row _id="row-8quf.hkp9.ue9m" _uuid="00000000-0000-0000-B5A0-B6C492515481" _position="0" _address="https://data.cityofnewyork.us/resource/_825b-niea/row-8quf.hkp9.ue9m"><grade>8</grade><year>2007</year><category>Hispanic</category><number_tested>29857</number_tested><mean_scale_score>639</mean_scale_score><level_1_1>6559</level_1_1><level_1_2>22.0</level_1_2><level_2_1>12136</level_2_1><level_2_2>40.6</level_2_2><level_3_1>10046</level_3_1><level_3_2>33.6</level_3_2><level_4_1>1116</level_4_1><level_4_2>3.7</level_4_2><level_3_4_1>11162</level_3_4_1><level_3_4_2>37.4</level_3_4_2></row><row _id="row-k78i~ppzt~nyk8" _uuid="00000000-0000-0000-A9C7-2F25A1E2B686" _position="0" _address="https://data.cityofnewyork.us/resource/_825b-niea/row-k78i~ppzt~nyk8"><grade>All Grades</grade><year>2007</year><category>Hispanic</category><number_tested>173809</number_tested><mean_scale_score>657</mean_scale_score><level_1_1>21840</level_1_1><level_1_2>12.6</level_1_2><level_2_1>49360</level_2_1><level_2_2>28.4</level_2_2><level_3_1>81684</level_3_1><level_3_2>47.0</level_3_2><level_4_1>20925</level_4_1><level_4_2>12.0</level_4_2><level_3_4_1>102609</level_3_4_1><level_3_4_2>59.0</level_3_4_2></row><row _id="row-ua8s-piwf_uayw" _uuid="00000000-0000-0000-97C1-3E88AEEFC512" _position="0" _address="https://data.cityofnewyork.us/resource/_825b-niea/row-ua8s-piwf_uayw"><grade>3</grade><year>2008</year><category>Hispanic</category><number_tested>28253</number_tested><mean_scale_score>679</mean_scale_score><level_1_1>992</level_1_1><level_1_2>3.5</level_1_2><level_2_1>3341</level_2_1><level_2_2>11.8</level_2_2><level_3_1>19286</level_3_1><level_3_2>68.3</level_3_2><level_4_1>4634</level_4_1><level_4_2>16.4</level_4_2><level_3_4_1>23920</level_3_4_1><level_3_4_2>84.7</level_3_4_2></row><row _id="row-zmis-rkxz.wvec" _uuid="00000000-0000-0000-6511-C7096376A768" _position="0" _address="https://data.cityofnewyork.us/resource/_825b-niea/row-zmis-rkxz.wvec"><grade>4</grade><year>2008</year><category>Hispanic</category><number_tested>28393</number_tested><mean_scale_score>671</mean_scale_score><level_1_1>2063</level_1_1><level_1_2>7.3</level_1_2><level_2_1>4807</level_2_1><level_2_2>16.9</level_2_2><level_3_1>16482</level_3_1><level_3_2>58.0</level_3_2><level_4_1>5041</level_4_1><level_4_2>17.8</level_4_2><level_3_4_1>21523</level_3_4_1><level_3_4_2>75.8</level_3_4_2></row><row _id="row-rs3d.a4yi~gaqk" _uuid="00000000-0000-0000-5A8A-FFAEF98B1D39" _position="0" _address="https://data.cityofnewyork.us/resource/_825b-niea/row-rs3d.a4yi~gaqk"><grade>5</grade><year>2008</year><category>Hispanic</category><number_tested>28071</number_tested><mean_scale_score>669</mean_scale_score><level_1_1>1720</level_1_1><level_1_2>6.1</level_1_2><level_2_1>5294</level_2_1><level_2_2>18.9</level_2_2><level_3_1>16372</level_3_1><level_3_2>58.3</level_3_2><level_4_1>4685</level_4_1><level_4_2>16.7</level_4_2><level_3_4_1>21057</level_3_4_1><level_3_4_2>75.0</level_3_4_2></row><row _id="row-ufv5~fziw_u7sc" _uuid="00000000-0000-0000-E802-C1722A07EF0A" _position="0" _address="https://data.cityofnewyork.us/resource/_825b-niea/row-ufv5~fziw_u7sc"><grade>6</grade><year>2008</year><category>Hispanic</category><number_tested>27760</number_tested><mean_scale_score>660</mean_scale_score><level_1_1>2630</level_1_1><level_1_2>9.5</level_1_2><level_2_1>6860</level_2_1><level_2_2>24.7</level_2_2><level_3_1>14615</level_3_1><level_3_2>52.6</level_3_2><level_4_1>3655</level_4_1><level_4_2>13.2</level_4_2><level_3_4_1>18270</level_3_4_1><level_3_4_2>65.8</level_3_4_2></row><row _id="row-vvma~5hwy-s2kt" _uuid="00000000-0000-0000-2206-DBAB80883B91" _position="0" _address="https://data.cityofnewyork.us/resource/_825b-niea/row-vvma~5hwy-s2kt"><grade>7</grade><year>2008</year><category>Hispanic</category><number_tested>28770</number_tested><mean_scale_score>657</mean_scale_score><level_1_1>1929</level_1_1><level_1_2>6.7</level_1_2><level_2_1>8549</level_2_1><level_2_2>29.7</level_2_2><level_3_1>15129</level_3_1><level_3_2>52.6</level_3_2><level_4_1>3163</level_4_1><level_4_2>11.0</level_4_2><level_3_4_1>18292</level_3_4_1><level_3_4_2>63.6</level_3_4_2></row><row _id="row-c6dj~6y9w_p9m7" _uuid="00000000-0000-0000-FD30-2EAC78A775E6" _position="0" _address="https://data.cityofnewyork.us/resource/_825b-niea/row-c6dj~6y9w_p9m7"><grade>8</grade><year>2008</year><category>Hispanic</category><number_tested>28710</number_tested><mean_scale_score>651</mean_scale_score><level_1_1>3444</level_1_1><level_1_2>12.0</level_1_2><level_2_1>10099</level_2_1><level_2_2>35.2</level_2_2><level_3_1>13286</level_3_1><level_3_2>46.3</level_3_2><level_4_1>1881</level_4_1><level_4_2>6.6</level_4_2><level_3_4_1>15167</level_3_4_1><level_3_4_2>52.8</level_3_4_2></row><row _id="row-x939-32yg~sw4c" _uuid="00000000-0000-0000-96FE-F2497CE144BA" _position="0" _address="https://data.cityofnewyork.us/resource/_825b-niea/row-x939-32yg~sw4c"><grade>All Grades</grade><year>2008</year><category>Hispanic</category><number_tested>169957</number_tested><mean_scale_score>664</mean_scale_score><level_1_1>12778</level_1_1><level_1_2>7.5</level_1_2><level_2_1>38950</level_2_1><level_2_2>22.9</level_2_2><level_3_1>95170</level_3_1><level_3_2>56.0</level_3_2><level_4_1>23059</level_4_1><level_4_2>13.6</level_4_2><level_3_4_1>118229</level_3_4_1><level_3_4_2>69.6</level_3_4_2></row><row _id="row-kfu4.pmph~666x" _uuid="00000000-0000-0000-A199-6AAF59B215E4" _position="0" _address="https://data.cityofnewyork.us/resource/_825b-niea/row-kfu4.pmph~666x"><grade>3</grade><year>2009</year><category>Hispanic</category><number_tested>28100</number_tested><mean_scale_score>683</mean_scale_score><level_1_1>421</level_1_1><level_1_2>1.5</level_1_2><level_2_1>2458</level_2_1><level_2_2>8.7</level_2_2><level_3_1>20178</level_3_1><level_3_2>71.8</level_3_2><level_4_1>5043</level_4_1><level_4_2>17.9</level_4_2><level_3_4_1>25221</level_3_4_1><level_3_4_2>89.8</level_3_4_2></row><row _id="row-rwcz.m3nf~xji6" _uuid="00000000-0000-0000-9E55-ADBBD504E29D" _position="0" _address="https://data.cityofnewyork.us/resource/_825b-niea/row-rwcz.m3nf~xji6"><grade>4</grade><year>2009</year><category>Hispanic</category><number_tested>28121</number_tested><mean_scale_score>681</mean_scale_score><level_1_1>1566</level_1_1><level_1_2>5.6</level_1_2><level_2_1>3550</level_2_1><level_2_2>12.6</level_2_2><level_3_1>15680</level_3_1><level_3_2>55.8</level_3_2><level_4_1>7325</level_4_1><level_4_2>26.0</level_4_2><level_3_4_1>23005</level_3_4_1><level_3_4_2>81.8</level_3_4_2></row><row _id="row-kvux.esv2_aqn6" _uuid="00000000-0000-0000-E9A5-3D9B5F87F507" _position="0" _address="https://data.cityofnewyork.us/resource/_825b-niea/row-kvux.esv2_aqn6"><grade>5</grade><year>2009</year><category>Hispanic</category><number_tested>28045</number_tested><mean_scale_score>677</mean_scale_score><level_1_1>886</level_1_1><level_1_2>3.2</level_1_2><level_2_1>3892</level_2_1><level_2_2>13.9</level_2_2><level_3_1>16048</level_3_1><level_3_2>57.2</level_3_2><level_4_1>7219</level_4_1><level_4_2>25.7</level_4_2><level_3_4_1>23267</level_3_4_1><level_3_4_2>83.0</level_3_4_2></row><row _id="row-fb36-zeya~qchn" _uuid="00000000-0000-0000-4693-3F14D5BE409E" _position="0" _address="https://data.cityofnewyork.us/resource/_825b-niea/row-fb36-zeya~qchn"><grade>6</grade><year>2009</year><category>Hispanic</category><number_tested>27715</number_tested><mean_scale_score>667</mean_scale_score><level_1_1>1710</level_1_1><level_1_2>6.2</level_1_2><level_2_1>5881</level_2_1><level_2_2>21.2</level_2_2><level_3_1>15624</level_3_1><level_3_2>56.4</level_3_2><level_4_1>4500</level_4_1><level_4_2>16.2</level_4_2><level_3_4_1>20124</level_3_4_1><level_3_4_2>72.6</level_3_4_2></row><row _id="row-45v9-kmwp~kf39" _uuid="00000000-0000-0000-04FC-DFB052477320" _position="0" _address="https://data.cityofnewyork.us/resource/_825b-niea/row-45v9-kmwp~kf39"><grade>7</grade><year>2009</year><category>Hispanic</category><number_tested>28086</number_tested><mean_scale_score>667</mean_scale_score><level_1_1>712</level_1_1><level_1_2>2.5</level_1_2><level_2_1>5782</level_2_1><level_2_2>20.6</level_2_2><level_3_1>17737</level_3_1><level_3_2>63.2</level_3_2><level_4_1>3855</level_4_1><level_4_2>13.7</level_4_2><level_3_4_1>21592</level_3_4_1><level_3_4_2>76.9</level_3_4_2></row><row _id="row-iwnj.kkus-w5me" _uuid="00000000-0000-0000-1368-5D131D77FC52" _position="0" _address="https://data.cityofnewyork.us/resource/_825b-niea/row-iwnj.kkus-w5me"><grade>8</grade><year>2009</year><category>Hispanic</category><number_tested>28981</number_tested><mean_scale_score>662</mean_scale_score><level_1_1>1529</level_1_1><level_1_2>5.3</level_1_2><level_2_1>8024</level_2_1><level_2_2>27.7</level_2_2><level_3_1>16921</level_3_1><level_3_2>58.4</level_3_2><level_4_1>2507</level_4_1><level_4_2>8.7</level_4_2><level_3_4_1>19428</level_3_4_1><level_3_4_2>67.0</level_3_4_2></row><row _id="row-sfrd.dv3n-5m9f" _uuid="00000000-0000-0000-2662-8D36A47A4A6B" _position="0" _address="https://data.cityofnewyork.us/resource/_825b-niea/row-sfrd.dv3n-5m9f"><grade>All Grades</grade><year>2009</year><category>Hispanic</category><number_tested>169048</number_tested><mean_scale_score>673</mean_scale_score><level_1_1>6824</level_1_1><level_1_2>4.0</level_1_2><level_2_1>29587</level_2_1><level_2_2>17.5</level_2_2><level_3_1>102188</level_3_1><level_3_2>60.4</level_3_2><level_4_1>30449</level_4_1><level_4_2>18.0</level_4_2><level_3_4_1>132637</level_3_4_1><level_3_4_2>78.5</level_3_4_2></row><row _id="row-sq4v~u3z8-dp6j" _uuid="00000000-0000-0000-778B-5AA36F2C4B80" _position="0" _address="https://data.cityofnewyork.us/resource/_825b-niea/row-sq4v~u3z8-dp6j"><grade>3</grade><year>2010</year><category>Hispanic</category><number_tested>28833</number_tested><mean_scale_score>685</mean_scale_score><level_1_1>4059</level_1_1><level_1_2>14.1</level_1_2><level_2_1>11200</level_2_1><level_2_2>38.8</level_2_2><level_3_1>9051</level_3_1><level_3_2>31.4</level_3_2><level_4_1>4523</level_4_1><level_4_2>15.7</level_4_2><level_3_4_1>13574</level_3_4_1><level_3_4_2>47.1</level_3_4_2></row><row _id="row-99s3-udnm_ibss" _uuid="00000000-0000-0000-512C-2341E0FBEE3A" _position="0" _address="https://data.cityofnewyork.us/resource/_825b-niea/row-99s3-udnm_ibss"><grade>4</grade><year>2010</year><category>Hispanic</category><number_tested>28457</number_tested><mean_scale_score>676</mean_scale_score><level_1_1>2400</level_1_1><level_1_2>8.4</level_1_2><level_2_1>11762</level_2_1><level_2_2>41.3</level_2_2><level_3_1>9911</level_3_1><level_3_2>34.8</level_3_2><level_4_1>4384</level_4_1><level_4_2>15.4</level_4_2><level_3_4_1>14295</level_3_4_1><level_3_4_2>50.2</level_3_4_2></row><row _id="row-88ad.hqrj~7itw" _uuid="00000000-0000-0000-2EE2-BD31CE6754D3" _position="0" _address="https://data.cityofnewyork.us/resource/_825b-niea/row-88ad.hqrj~7itw"><grade>5</grade><year>2010</year><category>Hispanic</category><number_tested>27926</number_tested><mean_scale_score>676</mean_scale_score><level_1_1>2569</level_1_1><level_1_2>9.2</level_1_2><level_2_1>10599</level_2_1><level_2_2>38.0</level_2_2><level_3_1>10307</level_3_1><level_3_2>36.9</level_3_2><level_4_1>4451</level_4_1><level_4_2>15.9</level_4_2><level_3_4_1>14758</level_3_4_1><level_3_4_2>52.8</level_3_4_2></row><row _id="row-eibw~jruh~w5zz" _uuid="00000000-0000-0000-4F7D-397BCF631F31" _position="0" _address="https://data.cityofnewyork.us/resource/_825b-niea/row-eibw~jruh~w5zz"><grade>6</grade><year>2010</year><category>Hispanic</category><number_tested>27921</number_tested><mean_scale_score>668</mean_scale_score><level_1_1>3888</level_1_1><level_1_2>13.9</level_1_2><level_2_1>11513</level_2_1><level_2_2>41.2</level_2_2><level_3_1>8276</level_3_1><level_3_2>29.6</level_3_2><level_4_1>4244</level_4_1><level_4_2>15.2</level_4_2><level_3_4_1>12520</level_3_4_1><level_3_4_2>44.8</level_3_4_2></row><row _id="row-f5b5~up2m~459i" _uuid="00000000-0000-0000-8862-FEB9C6036610" _position="0" _address="https://data.cityofnewyork.us/resource/_825b-niea/row-f5b5~up2m~459i"><grade>7</grade><year>2010</year><category>Hispanic</category><number_tested>28040</number_tested><mean_scale_score>664</mean_scale_score><level_1_1>4015</level_1_1><level_1_2>14.3</level_1_2><level_2_1>11423</level_2_1><level_2_2>40.7</level_2_2><level_3_1>8565</level_3_1><level_3_2>30.5</level_3_2><level_4_1>4037</level_4_1><level_4_2>14.4</level_4_2><level_3_4_1>12602</level_3_4_1><level_3_4_2>44.9</level_3_4_2></row><row _id="row-wg9y_ge4f-hk9p" _uuid="00000000-0000-0000-652D-59CAB13E0CE3" _position="0" _address="https://data.cityofnewyork.us/resource/_825b-niea/row-wg9y_ge4f-hk9p"><grade>8</grade><year>2010</year><category>Hispanic</category><number_tested>28834</number_tested><mean_scale_score>665</mean_scale_score><level_1_1>4561</level_1_1><level_1_2>15.8</level_1_2><level_2_1>13539</level_2_1><level_2_2>47.0</level_2_2><level_3_1>7982</level_3_1><level_3_2>27.7</level_3_2><level_4_1>2752</level_4_1><level_4_2>9.5</level_4_2><level_3_4_1>10734</level_3_4_1><level_3_4_2>37.2</level_3_4_2></row><row _id="row-3r8w~yrjq_zr3x" _uuid="00000000-0000-0000-E9EA-D068647C9F46" _position="0" _address="https://data.cityofnewyork.us/resource/_825b-niea/row-3r8w~yrjq_zr3x"><grade>All Grades</grade><year>2010</year><category>Hispanic</category><number_tested>170011</number_tested><mean_scale_score>673</mean_scale_score><level_1_1>21492</level_1_1><level_1_2>12.6</level_1_2><level_2_1>70036</level_2_1><level_2_2>41.2</level_2_2><level_3_1>54092</level_3_1><level_3_2>31.8</level_3_2><level_4_1>24391</level_4_1><level_4_2>14.3</level_4_2><level_3_4_1>78483</level_3_4_1><level_3_4_2>46.2</level_3_4_2></row><row _id="row-sn2s.cba6-r8iw" _uuid="00000000-0000-0000-A32D-76D0BA1272A2" _position="0" _address="https://data.cityofnewyork.us/resource/_825b-niea/row-sn2s.cba6-r8iw"><grade>3</grade><year>2011</year><category>Hispanic</category><number_tested>29587</number_tested><mean_scale_score>680</mean_scale_score><level_1_1>4050</level_1_1><level_1_2>13.7</level_1_2><level_2_1>11991</level_2_1><level_2_2>40.5</level_2_2><level_3_1>11774</level_3_1><level_3_2>39.8</level_3_2><level_4_1>1772</level_4_1><level_4_2>6.0</level_4_2><level_3_4_1>13546</level_3_4_1><level_3_4_2>45.8</level_3_4_2></row><row _id="row-4npm~p8ke_y8ws" _uuid="00000000-0000-0000-0A7A-BE10181AAFE2" _position="0" _address="https://data.cityofnewyork.us/resource/_825b-niea/row-4npm~p8ke_y8ws"><grade>4</grade><year>2011</year><category>Hispanic</category><number_tested>29199</number_tested><mean_scale_score>678</mean_scale_score><level_1_1>2348</level_1_1><level_1_2>8.0</level_1_2><level_2_1>10790</level_2_1><level_2_2>37.0</level_2_2><level_3_1>11376</level_3_1><level_3_2>39.0</level_3_2><level_4_1>4685</level_4_1><level_4_2>16.0</level_4_2><level_3_4_1>16061</level_3_4_1><level_3_4_2>55.0</level_3_4_2></row><row _id="row-bq2z-uygw-qwyc" _uuid="00000000-0000-0000-9C74-DE6B0474A5BF" _position="0" _address="https://data.cityofnewyork.us/resource/_825b-niea/row-bq2z-uygw-qwyc"><grade>5</grade><year>2011</year><category>Hispanic</category><number_tested>28298</number_tested><mean_scale_score>677</mean_scale_score><level_1_1>2450</level_1_1><level_1_2>8.7</level_1_2><level_2_1>10345</level_2_1><level_2_2>36.6</level_2_2><level_3_1>11595</level_3_1><level_3_2>41.0</level_3_2><level_4_1>3908</level_4_1><level_4_2>13.8</level_4_2><level_3_4_1>15503</level_3_4_1><level_3_4_2>54.8</level_3_4_2></row><row _id="row-3uet~v5zk.gbjp" _uuid="00000000-0000-0000-E163-A90D3415FD43" _position="0" _address="https://data.cityofnewyork.us/resource/_825b-niea/row-3uet~v5zk.gbjp"><grade>6</grade><year>2011</year><category>Hispanic</category><number_tested>28049</number_tested><mean_scale_score>671</mean_scale_score><level_1_1>3751</level_1_1><level_1_2>13.4</level_1_2><level_2_1>10992</level_2_1><level_2_2>39.2</level_2_2><level_3_1>9305</level_3_1><level_3_2>33.2</level_3_2><level_4_1>4001</level_4_1><level_4_2>14.3</level_4_2><level_3_4_1>13306</level_3_4_1><level_3_4_2>47.4</level_3_4_2></row><row _id="row-e47d-ekpi.4f5e" _uuid="00000000-0000-0000-BCEA-F8BF54498D85" _position="0" _address="https://data.cityofnewyork.us/resource/_825b-niea/row-e47d-ekpi.4f5e"><grade>7</grade><year>2011</year><category>Hispanic</category><number_tested>28229</number_tested><mean_scale_score>667</mean_scale_score><level_1_1>3626</level_1_1><level_1_2>12.8</level_1_2><level_2_1>11071</level_2_1><level_2_2>39.2</level_2_2><level_3_1>9157</level_3_1><level_3_2>32.4</level_3_2><level_4_1>4375</level_4_1><level_4_2>15.5</level_4_2><level_3_4_1>13532</level_3_4_1><level_3_4_2>47.9</level_3_4_2></row><row _id="row-z8zs-2zfa.9nmi" _uuid="00000000-0000-0000-4201-6BC989C85588" _position="0" _address="https://data.cityofnewyork.us/resource/_825b-niea/row-z8zs-2zfa.9nmi"><grade>8</grade><year>2011</year><category>Hispanic</category><number_tested>28681</number_tested><mean_scale_score>667</mean_scale_score><level_1_1>3851</level_1_1><level_1_2>13.4</level_1_2><level_2_1>12173</level_2_1><level_2_2>42.4</level_2_2><level_3_1>10212</level_3_1><level_3_2>35.6</level_3_2><level_4_1>2445</level_4_1><level_4_2>8.5</level_4_2><level_3_4_1>12657</level_3_4_1><level_3_4_2>44.1</level_3_4_2></row><row _id="row-79yc_kpum~fxii" _uuid="00000000-0000-0000-0AC3-441EFE96A5B1" _position="0" _address="https://data.cityofnewyork.us/resource/_825b-niea/row-79yc_kpum~fxii"><grade>All Grades</grade><year>2011</year><category>Hispanic</category><number_tested>172043</number_tested><mean_scale_score>673</mean_scale_score><level_1_1>20076</level_1_1><level_1_2>11.7</level_1_2><level_2_1>67362</level_2_1><level_2_2>39.2</level_2_2><level_3_1>63419</level_3_1><level_3_2>36.9</level_3_2><level_4_1>21186</level_4_1><level_4_2>12.3</level_4_2><level_3_4_1>84605</level_3_4_1><level_3_4_2>49.2</level_3_4_2></row><row _id="row-2nm6~8xu8_rymc" _uuid="00000000-0000-0000-3F88-804157E3B53F" _position="0" _address="https://data.cityofnewyork.us/resource/_825b-niea/row-2nm6~8xu8_rymc"><grade>3</grade><year>2006</year><category>White</category><number_tested>10393</number_tested><mean_scale_score>694</mean_scale_score><level_1_1>379</level_1_1><level_1_2>3.6</level_1_2><level_2_1>674</level_2_1><level_2_2>6.5</level_2_2><level_3_1>4954</level_3_1><level_3_2>47.7</level_3_2><level_4_1>4386</level_4_1><level_4_2>42.2</level_4_2><level_3_4_1>9340</level_3_4_1><level_3_4_2>89.9</level_3_4_2></row><row _id="row-pmxy~hbqy_b4zy" _uuid="00000000-0000-0000-3F91-ECEAB92CFF26" _position="0" _address="https://data.cityofnewyork.us/resource/_825b-niea/row-pmxy~hbqy_b4zy"><grade>4</grade><year>2006</year><category>White</category><number_tested>10574</number_tested><mean_scale_score>689</mean_scale_score><level_1_1>458</level_1_1><level_1_2>4.3</level_1_2><level_2_1>928</level_2_1><level_2_2>8.8</level_2_2><level_3_1>5116</level_3_1><level_3_2>48.4</level_3_2><level_4_1>4072</level_4_1><level_4_2>38.5</level_4_2><level_3_4_1>9188</level_3_4_1><level_3_4_2>86.9</level_3_4_2></row><row _id="row-aza5~tjzu~7cei" _uuid="00000000-0000-0000-DD6A-C647F41F74DB" _position="0" _address="https://data.cityofnewyork.us/resource/_825b-niea/row-aza5~tjzu~7cei"><grade>5</grade><year>2006</year><category>White</category><number_tested>10442</number_tested><mean_scale_score>682</mean_scale_score><level_1_1>578</level_1_1><level_1_2>5.5</level_1_2><level_2_1>1361</level_2_1><level_2_2>13.0</level_2_2><level_3_1>5045</level_3_1><level_3_2>48.3</level_3_2><level_4_1>3458</level_4_1><level_4_2>33.1</level_4_2><level_3_4_1>8503</level_3_4_1><level_3_4_2>81.4</level_3_4_2></row><row _id="row-358d~v7tv~cd5v" _uuid="00000000-0000-0000-2B33-767E40A684EB" _position="0" _address="https://data.cityofnewyork.us/resource/_825b-niea/row-358d~v7tv~cd5v"><grade>6</grade><year>2006</year><category>White</category><number_tested>10182</number_tested><mean_scale_score>670</mean_scale_score><level_1_1>742</level_1_1><level_1_2>7.3</level_1_2><level_2_1>1913</level_2_1><level_2_2>18.8</level_2_2><level_3_1>5170</level_3_1><level_3_2>50.8</level_3_2><level_4_1>2357</level_4_1><level_4_2>23.1</level_4_2><level_3_4_1>7527</level_3_4_1><level_3_4_2>73.9</level_3_4_2></row><row _id="row-2u7r_68hj~afzx" _uuid="00000000-0000-0000-9C9F-A39E6F87E7AA" _position="0" _address="https://data.cityofnewyork.us/resource/_825b-niea/row-2u7r_68hj~afzx"><grade>7</grade><year>2006</year><category>White</category><number_tested>10016</number_tested><mean_scale_score>663</mean_scale_score><level_1_1>692</level_1_1><level_1_2>6.9</level_1_2><level_2_1>2451</level_2_1><level_2_2>24.5</level_2_2><level_3_1>5106</level_3_1><level_3_2>51.0</level_3_2><level_4_1>1767</level_4_1><level_4_2>17.6</level_4_2><level_3_4_1>6873</level_3_4_1><level_3_4_2>68.6</level_3_4_2></row><row _id="row-hbkx.d55n.cgpb" _uuid="00000000-0000-0000-E626-E469D89B4FB0" _position="0" _address="https://data.cityofnewyork.us/resource/_825b-niea/row-hbkx.d55n.cgpb"><grade>8</grade><year>2006</year><category>White</category><number_tested>10470</number_tested><mean_scale_score>660</mean_scale_score><level_1_1>1090</level_1_1><level_1_2>10.4</level_1_2><level_2_1>2889</level_2_1><level_2_2>27.6</level_2_2><level_3_1>4980</level_3_1><level_3_2>47.6</level_3_2><level_4_1>1511</level_4_1><level_4_2>14.4</level_4_2><level_3_4_1>6491</level_3_4_1><level_3_4_2>62.0</level_3_4_2></row><row _id="row-2hxz~5adf-8v4h" _uuid="00000000-0000-0000-6E4B-EFFD8E158ADC" _position="0" _address="https://data.cityofnewyork.us/resource/_825b-niea/row-2hxz~5adf-8v4h"><grade>All Grades</grade><year>2006</year><category>White</category><number_tested>62077</number_tested><mean_scale_score>676</mean_scale_score><level_1_1>3939</level_1_1><level_1_2>6.3</level_1_2><level_2_1>10216</level_2_1><level_2_2>16.5</level_2_2><level_3_1>30371</level_3_1><level_3_2>48.9</level_3_2><level_4_1>17551</level_4_1><level_4_2>28.3</level_4_2><level_3_4_1>47922</level_3_4_1><level_3_4_2>77.2</level_3_4_2></row><row _id="row-eu6h_v7rh-j2ic" _uuid="00000000-0000-0000-405C-C728D1977734" _position="0" _address="https://data.cityofnewyork.us/resource/_825b-niea/row-eu6h_v7rh-j2ic"><grade>3</grade><year>2007</year><category>White</category><number_tested>10304</number_tested><mean_scale_score>700</mean_scale_score><level_1_1>254</level_1_1><level_1_2>2.5</level_1_2><level_2_1>491</level_2_1><level_2_2>4.8</level_2_2><level_3_1>4817</level_3_1><level_3_2>46.7</level_3_2><level_4_1>4742</level_4_1><level_4_2>46.0</level_4_2><level_3_4_1>9559</level_3_4_1><level_3_4_2>92.8</level_3_4_2></row><row _id="row-xyjn_ex5s_vghx" _uuid="00000000-0000-0000-3FA9-A2EF9FCD96D7" _position="0" _address="https://data.cityofnewyork.us/resource/_825b-niea/row-xyjn_ex5s_vghx"><grade>4</grade><year>2007</year><category>White</category><number_tested>10108</number_tested><mean_scale_score>694</mean_scale_score><level_1_1>334</level_1_1><level_1_2>3.3</level_1_2><level_2_1>753</level_2_1><level_2_2>7.4</level_2_2><level_3_1>4856</level_3_1><level_3_2>48.0</level_3_2><level_4_1>4165</level_4_1><level_4_2>41.2</level_4_2><level_3_4_1>9021</level_3_4_1><level_3_4_2>89.2</level_3_4_2></row><row _id="row-nprz_er2e.e87c" _uuid="00000000-0000-0000-5F5C-A0A10D95C242" _position="0" _address="https://data.cityofnewyork.us/resource/_825b-niea/row-nprz_er2e.e87c"><grade>5</grade><year>2007</year><category>White</category><number_tested>10364</number_tested><mean_scale_score>688</mean_scale_score><level_1_1>333</level_1_1><level_1_2>3.2</level_1_2><level_2_1>967</level_2_1><level_2_2>9.3</level_2_2><level_3_1>5287</level_3_1><level_3_2>51.0</level_3_2><level_4_1>3777</level_4_1><level_4_2>36.4</level_4_2><level_3_4_1>9064</level_3_4_1><level_3_4_2>87.5</level_3_4_2></row><row _id="row-gy3s_fvv9_62ut" _uuid="00000000-0000-0000-BBAE-C3105344B59A" _position="0" _address="https://data.cityofnewyork.us/resource/_825b-niea/row-gy3s_fvv9_62ut"><grade>6</grade><year>2007</year><category>White</category><number_tested>9869</number_tested><mean_scale_score>680</mean_scale_score><level_1_1>528</level_1_1><level_1_2>5.4</level_1_2><level_2_1>1344</level_2_1><level_2_2>13.6</level_2_2><level_3_1>5010</level_3_1><level_3_2>50.8</level_3_2><level_4_1>2987</level_4_1><level_4_2>30.3</level_4_2><level_3_4_1>7997</level_3_4_1><level_3_4_2>81.0</level_3_4_2></row><row _id="row-m973.ixfc_vmiq" _uuid="00000000-0000-0000-2686-ACEB3CCDE7C3" _position="0" _address="https://data.cityofnewyork.us/resource/_825b-niea/row-m973.ixfc_vmiq"><grade>7</grade><year>2007</year><category>White</category><number_tested>9909</number_tested><mean_scale_score>675</mean_scale_score><level_1_1>442</level_1_1><level_1_2>4.5</level_1_2><level_2_1>1782</level_2_1><level_2_2>18.0</level_2_2><level_3_1>4769</level_3_1><level_3_2>48.1</level_3_2><level_4_1>2916</level_4_1><level_4_2>29.4</level_4_2><level_3_4_1>7685</level_3_4_1><level_3_4_2>77.6</level_3_4_2></row><row _id="row-86ja~kgpy_k9dp" _uuid="00000000-0000-0000-FC0D-DE05BE3BC29B" _position="0" _address="https://data.cityofnewyork.us/resource/_825b-niea/row-86ja~kgpy_k9dp"><grade>8</grade><year>2007</year><category>White</category><number_tested>9923</number_tested><mean_scale_score>666</mean_scale_score><level_1_1>776</level_1_1><level_1_2>7.8</level_1_2><level_2_1>2431</level_2_1><level_2_2>24.5</level_2_2><level_3_1>5018</level_3_1><level_3_2>50.6</level_3_2><level_4_1>1698</level_4_1><level_4_2>17.1</level_4_2><level_3_4_1>6716</level_3_4_1><level_3_4_2>67.7</level_3_4_2></row><row _id="row-m3kq~ga5q~agp5" _uuid="00000000-0000-0000-DF72-B4EEFE1F83F6" _position="0" _address="https://data.cityofnewyork.us/resource/_825b-niea/row-m3kq~ga5q~agp5"><grade>All Grades</grade><year>2007</year><category>White</category><number_tested>60477</number_tested><mean_scale_score>684</mean_scale_score><level_1_1>2667</level_1_1><level_1_2>4.4</level_1_2><level_2_1>7768</level_2_1><level_2_2>12.8</level_2_2><level_3_1>29757</level_3_1><level_3_2>49.2</level_3_2><level_4_1>20285</level_4_1><level_4_2>33.5</level_4_2><level_3_4_1>50042</level_3_4_1><level_3_4_2>82.7</level_3_4_2></row><row _id="row-mwzx.xctb.ba9r" _uuid="00000000-0000-0000-FB04-38D19B1939B7" _position="0" _address="https://data.cityofnewyork.us/resource/_825b-niea/row-mwzx.xctb.ba9r"><grade>3</grade><year>2008</year><category>White</category><number_tested>10361</number_tested><mean_scale_score>700</mean_scale_score><level_1_1>141</level_1_1><level_1_2>1.4</level_1_2><level_2_1>381</level_2_1><level_2_2>3.7</level_2_2><level_3_1>5748</level_3_1><level_3_2>55.5</level_3_2><level_4_1>4091</level_4_1><level_4_2>39.5</level_4_2><level_3_4_1>9839</level_3_4_1><level_3_4_2>95.0</level_3_4_2></row><row _id="row-k8mb~beve~z4xp" _uuid="00000000-0000-0000-4626-48BC2B0E5918" _position="0" _address="https://data.cityofnewyork.us/resource/_825b-niea/row-k8mb~beve~z4xp"><grade>4</grade><year>2008</year><category>White</category><number_tested>10081</number_tested><mean_scale_score>697</mean_scale_score><level_1_1>289</level_1_1><level_1_2>2.9</level_1_2><level_2_1>604</level_2_1><level_2_2>6.0</level_2_2><level_3_1>4689</level_3_1><level_3_2>46.5</level_3_2><level_4_1>4499</level_4_1><level_4_2>44.6</level_4_2><level_3_4_1>9188</level_3_4_1><level_3_4_2>91.1</level_3_4_2></row><row _id="row-mhsp_37yi~uphm" _uuid="00000000-0000-0000-0608-423EDF18B57F" _position="0" _address="https://data.cityofnewyork.us/resource/_825b-niea/row-mhsp_37yi~uphm"><grade>5</grade><year>2008</year><category>White</category><number_tested>9931</number_tested><mean_scale_score>695</mean_scale_score><level_1_1>192</level_1_1><level_1_2>1.9</level_1_2><level_2_1>599</level_2_1><level_2_2>6.0</level_2_2><level_3_1>4810</level_3_1><level_3_2>48.4</level_3_2><level_4_1>4330</level_4_1><level_4_2>43.6</level_4_2><level_3_4_1>9140</level_3_4_1><level_3_4_2>92.0</level_3_4_2></row><row _id="row-gy8b_ub5p_qtdc" _uuid="00000000-0000-0000-97A7-3DB9FBC27C40" _position="0" _address="https://data.cityofnewyork.us/resource/_825b-niea/row-gy8b_ub5p_qtdc"><grade>6</grade><year>2008</year><category>White</category><number_tested>9802</number_tested><mean_scale_score>687</mean_scale_score><level_1_1>326</level_1_1><level_1_2>3.3</level_1_2><level_2_1>936</level_2_1><level_2_2>9.5</level_2_2><level_3_1>4757</level_3_1><level_3_2>48.5</level_3_2><level_4_1>3783</level_4_1><level_4_2>38.6</level_4_2><level_3_4_1>8540</level_3_4_1><level_3_4_2>87.1</level_3_4_2></row><row _id="row-b7c2~yfmt_zh9k" _uuid="00000000-0000-0000-D5B3-95E73212A648" _position="0" _address="https://data.cityofnewyork.us/resource/_825b-niea/row-b7c2~yfmt_zh9k"><grade>7</grade><year>2008</year><category>White</category><number_tested>9758</number_tested><mean_scale_score>683</mean_scale_score><level_1_1>228</level_1_1><level_1_2>2.3</level_1_2><level_2_1>1144</level_2_1><level_2_2>11.7</level_2_2><level_3_1>4794</level_3_1><level_3_2>49.1</level_3_2><level_4_1>3592</level_4_1><level_4_2>36.8</level_4_2><level_3_4_1>8386</level_3_4_1><level_3_4_2>85.9</level_3_4_2></row><row _id="row-wfyv.h64w_tu7j" _uuid="00000000-0000-0000-F23B-CBB032DD2B58" _position="0" _address="https://data.cityofnewyork.us/resource/_825b-niea/row-wfyv.h64w_tu7j"><grade>8</grade><year>2008</year><category>White</category><number_tested>9871</number_tested><mean_scale_score>676</mean_scale_score><level_1_1>423</level_1_1><level_1_2>4.3</level_1_2><level_2_1>1704</level_2_1><level_2_2>17.3</level_2_2><level_3_1>5302</level_3_1><level_3_2>53.7</level_3_2><level_4_1>2442</level_4_1><level_4_2>24.7</level_4_2><level_3_4_1>7744</level_3_4_1><level_3_4_2>78.5</level_3_4_2></row><row _id="row-4ff8-t2v3_byqa" _uuid="00000000-0000-0000-E0AB-CA11B37CA7BC" _position="0" _address="https://data.cityofnewyork.us/resource/_825b-niea/row-4ff8-t2v3_byqa"><grade>All Grades</grade><year>2008</year><category>White</category><number_tested>59804</number_tested><mean_scale_score>690</mean_scale_score><level_1_1>1599</level_1_1><level_1_2>2.7</level_1_2><level_2_1>5368</level_2_1><level_2_2>9.0</level_2_2><level_3_1>30100</level_3_1><level_3_2>50.3</level_3_2><level_4_1>22737</level_4_1><level_4_2>38.0</level_4_2><level_3_4_1>52837</level_3_4_1><level_3_4_2>88.4</level_3_4_2></row><row _id="row-3ju5~94ek~2cwd" _uuid="00000000-0000-0000-6CA8-E92F36F89C60" _position="0" _address="https://data.cityofnewyork.us/resource/_825b-niea/row-3ju5~94ek~2cwd"><grade>3</grade><year>2009</year><category>White</category><number_tested>11118</number_tested><mean_scale_score>702</mean_scale_score><level_1_1>76</level_1_1><level_1_2>0.7</level_1_2><level_2_1>340</level_2_1><level_2_2>3.1</level_2_2><level_3_1>6513</level_3_1><level_3_2>58.6</level_3_2><level_4_1>4189</level_4_1><level_4_2>37.7</level_4_2><level_3_4_1>10702</level_3_4_1><level_3_4_2>96.3</level_3_4_2></row><row _id="row-qrgu.ivpj_r9cn" _uuid="00000000-0000-0000-31F9-663338A7BED0" _position="0" _address="https://data.cityofnewyork.us/resource/_825b-niea/row-qrgu.ivpj_r9cn"><grade>4</grade><year>2009</year><category>White</category><number_tested>10270</number_tested><mean_scale_score>706</mean_scale_score><level_1_1>200</level_1_1><level_1_2>1.9</level_1_2><level_2_1>454</level_2_1><level_2_2>4.4</level_2_2><level_3_1>4094</level_3_1><level_3_2>39.9</level_3_2><level_4_1>5522</level_4_1><level_4_2>53.8</level_4_2><level_3_4_1>9616</level_3_4_1><level_3_4_2>93.6</level_3_4_2></row><row _id="row-hg5e-js59-62pt" _uuid="00000000-0000-0000-4969-7F4F017E8BD7" _position="0" _address="https://data.cityofnewyork.us/resource/_825b-niea/row-hg5e-js59-62pt"><grade>5</grade><year>2009</year><category>White</category><number_tested>9955</number_tested><mean_scale_score>699</mean_scale_score><level_1_1>124</level_1_1><level_1_2>1.2</level_1_2><level_2_1>480</level_2_1><level_2_2>4.8</level_2_2><level_3_1>4115</level_3_1><level_3_2>41.3</level_3_2><level_4_1>5236</level_4_1><level_4_2>52.6</level_4_2><level_3_4_1>9351</level_3_4_1><level_3_4_2>93.9</level_3_4_2></row><row _id="row-cwgk_gbiv.vcj4" _uuid="00000000-0000-0000-E280-1E3A19243A30" _position="0" _address="https://data.cityofnewyork.us/resource/_825b-niea/row-cwgk_gbiv.vcj4"><grade>6</grade><year>2009</year><category>White</category><number_tested>9542</number_tested><mean_scale_score>692</mean_scale_score><level_1_1>191</level_1_1><level_1_2>2.0</level_1_2><level_2_1>725</level_2_1><level_2_2>7.6</level_2_2><level_3_1>4527</level_3_1><level_3_2>47.4</level_3_2><level_4_1>4099</level_4_1><level_4_2>43.0</level_4_2><level_3_4_1>8626</level_3_4_1><level_3_4_2>90.4</level_3_4_2></row><row _id="row-fthf~g3z3.s2xv" _uuid="00000000-0000-0000-CF3B-81F09EFE2361" _position="0" _address="https://data.cityofnewyork.us/resource/_825b-niea/row-fthf~g3z3.s2xv"><grade>7</grade><year>2009</year><category>White</category><number_tested>9765</number_tested><mean_scale_score>690</mean_scale_score><level_1_1>79</level_1_1><level_1_2>0.8</level_1_2><level_2_1>655</level_2_1><level_2_2>6.7</level_2_2><level_3_1>4869</level_3_1><level_3_2>49.9</level_3_2><level_4_1>4162</level_4_1><level_4_2>42.6</level_4_2><level_3_4_1>9031</level_3_4_1><level_3_4_2>92.5</level_3_4_2></row><row _id="row-xkc7-hrxk~rh8x" _uuid="00000000-0000-0000-4848-54F22B067F47" _position="0" _address="https://data.cityofnewyork.us/resource/_825b-niea/row-xkc7-hrxk~rh8x"><grade>8</grade><year>2009</year><category>White</category><number_tested>9835</number_tested><mean_scale_score>683</mean_scale_score><level_1_1>197</level_1_1><level_1_2>2.0</level_1_2><level_2_1>1175</level_2_1><level_2_2>11.9</level_2_2><level_3_1>5778</level_3_1><level_3_2>58.7</level_3_2><level_4_1>2685</level_4_1><level_4_2>27.3</level_4_2><level_3_4_1>8463</level_3_4_1><level_3_4_2>86.0</level_3_4_2></row><row _id="row-4tk7-wkab-c3kg" _uuid="00000000-0000-0000-C489-B6364F10FF4D" _position="0" _address="https://data.cityofnewyork.us/resource/_825b-niea/row-4tk7-wkab-c3kg"><grade>All Grades</grade><year>2009</year><category>White</category><number_tested>60485</number_tested><mean_scale_score>696</mean_scale_score><level_1_1>867</level_1_1><level_1_2>1.4</level_1_2><level_2_1>3829</level_2_1><level_2_2>6.3</level_2_2><level_3_1>29896</level_3_1><level_3_2>49.4</level_3_2><level_4_1>25893</level_4_1><level_4_2>42.8</level_4_2><level_3_4_1>55789</level_3_4_1><level_3_4_2>92.2</level_3_4_2></row><row _id="row-pn7c.nk4i-5sk8" _uuid="00000000-0000-0000-82F4-AFFF143A1446" _position="0" _address="https://data.cityofnewyork.us/resource/_825b-niea/row-pn7c.nk4i-5sk8"><grade>3</grade><year>2010</year><category>White</category><number_tested>10985</number_tested><mean_scale_score>703</mean_scale_score><level_1_1>552</level_1_1><level_1_2>5.0</level_1_2><level_2_1>2462</level_2_1><level_2_2>22.4</level_2_2><level_3_1>4087</level_3_1><level_3_2>37.2</level_3_2><level_4_1>3884</level_4_1><level_4_2>35.4</level_4_2><level_3_4_1>7971</level_3_4_1><level_3_4_2>72.6</level_3_4_2></row><row _id="row-w543~6rfi-m4mp" _uuid="00000000-0000-0000-82A7-E582466F3718" _position="0" _address="https://data.cityofnewyork.us/resource/_825b-niea/row-w543~6rfi-m4mp"><grade>4</grade><year>2010</year><category>White</category><number_tested>10955</number_tested><mean_scale_score>701</mean_scale_score><level_1_1>316</level_1_1><level_1_2>2.9</level_1_2><level_2_1>2122</level_2_1><level_2_2>19.4</level_2_2><level_3_1>4036</level_3_1><level_3_2>36.8</level_3_2><level_4_1>4481</level_4_1><level_4_2>40.9</level_4_2><level_3_4_1>8517</level_3_4_1><level_3_4_2>77.7</level_3_4_2></row><row _id="row-w4ms-tcf5-sr4y" _uuid="00000000-0000-0000-BC2E-833498B49A05" _position="0" _address="https://data.cityofnewyork.us/resource/_825b-niea/row-w4ms-tcf5-sr4y"><grade>5</grade><year>2010</year><category>White</category><number_tested>10156</number_tested><mean_scale_score>698</mean_scale_score><level_1_1>284</level_1_1><level_1_2>2.8</level_1_2><level_2_1>1771</level_2_1><level_2_2>17.4</level_2_2><level_3_1>4126</level_3_1><level_3_2>40.6</level_3_2><level_4_1>3975</level_4_1><level_4_2>39.1</level_4_2><level_3_4_1>8101</level_3_4_1><level_3_4_2>79.8</level_3_4_2></row><row _id="row-t7mx.dm2p-gtnp" _uuid="00000000-0000-0000-AAB4-94F55932E0BF" _position="0" _address="https://data.cityofnewyork.us/resource/_825b-niea/row-t7mx.dm2p-gtnp"><grade>6</grade><year>2010</year><category>White</category><number_tested>9655</number_tested><mean_scale_score>691</mean_scale_score><level_1_1>447</level_1_1><level_1_2>4.6</level_1_2><level_2_1>2005</level_2_1><level_2_2>20.8</level_2_2><level_3_1>3316</level_3_1><level_3_2>34.3</level_3_2><level_4_1>3887</level_4_1><level_4_2>40.3</level_4_2><level_3_4_1>7203</level_3_4_1><level_3_4_2>74.6</level_3_4_2></row><row _id="row-m6us~gk42.5izr" _uuid="00000000-0000-0000-4CC5-8FA2CA65DEE8" _position="0" _address="https://data.cityofnewyork.us/resource/_825b-niea/row-m6us~gk42.5izr"><grade>7</grade><year>2010</year><category>White</category><number_tested>9514</number_tested><mean_scale_score>688</mean_scale_score><level_1_1>422</level_1_1><level_1_2>4.4</level_1_2><level_2_1>2012</level_2_1><level_2_2>21.1</level_2_2><level_3_1>3030</level_3_1><level_3_2>31.8</level_3_2><level_4_1>4050</level_4_1><level_4_2>42.6</level_4_2><level_3_4_1>7080</level_3_4_1><level_3_4_2>74.4</level_3_4_2></row><row _id="row-3266_x39h-ze4v" _uuid="00000000-0000-0000-0E93-09B6844B1B6E" _position="0" _address="https://data.cityofnewyork.us/resource/_825b-niea/row-3266_x39h-ze4v"><grade>8</grade><year>2010</year><category>White</category><number_tested>9963</number_tested><mean_scale_score>687</mean_scale_score><level_1_1>548</level_1_1><level_1_2>5.5</level_1_2><level_2_1>2682</level_2_1><level_2_2>26.9</level_2_2><level_3_1>3850</level_3_1><level_3_2>38.6</level_3_2><level_4_1>2883</level_4_1><level_4_2>28.9</level_4_2><level_3_4_1>6733</level_3_4_1><level_3_4_2>67.6</level_3_4_2></row><row _id="row-swdy~kw6a-sxgg" _uuid="00000000-0000-0000-F9EF-3D8DE7C58ED8" _position="0" _address="https://data.cityofnewyork.us/resource/_825b-niea/row-swdy~kw6a-sxgg"><grade>All Grades</grade><year>2010</year><category>White</category><number_tested>61228</number_tested><mean_scale_score>695</mean_scale_score><level_1_1>2569</level_1_1><level_1_2>4.2</level_1_2><level_2_1>13054</level_2_1><level_2_2>21.3</level_2_2><level_3_1>22445</level_3_1><level_3_2>36.7</level_3_2><level_4_1>23160</level_4_1><level_4_2>37.8</level_4_2><level_3_4_1>45605</level_3_4_1><level_3_4_2>74.5</level_3_4_2></row><row _id="row-f8qs.qpsr-m68j" _uuid="00000000-0000-0000-7BA9-F3A2B451A7BB" _position="0" _address="https://data.cityofnewyork.us/resource/_825b-niea/row-f8qs.qpsr-m68j"><grade>3</grade><year>2011</year><category>White</category><number_tested>11394</number_tested><mean_scale_score>694</mean_scale_score><level_1_1>536</level_1_1><level_1_2>4.7</level_1_2><level_2_1>2198</level_2_1><level_2_2>19.3</level_2_2><level_3_1>6026</level_3_1><level_3_2>52.9</level_3_2><level_4_1>2634</level_4_1><level_4_2>23.1</level_4_2><level_3_4_1>8660</level_3_4_1><level_3_4_2>76.0</level_3_4_2></row><row _id="row-g4uq~anm2-uiy3" _uuid="00000000-0000-0000-169E-B0813978C71D" _position="0" _address="https://data.cityofnewyork.us/resource/_825b-niea/row-g4uq~anm2-uiy3"><grade>4</grade><year>2011</year><category>White</category><number_tested>10867</number_tested><mean_scale_score>702</mean_scale_score><level_1_1>306</level_1_1><level_1_2>2.8</level_1_2><level_2_1>1682</level_2_1><level_2_2>15.5</level_2_2><level_3_1>4033</level_3_1><level_3_2>37.1</level_3_2><level_4_1>4846</level_4_1><level_4_2>44.6</level_4_2><level_3_4_1>8879</level_3_4_1><level_3_4_2>81.7</level_3_4_2></row><row _id="row-i6yz_wbge_khnu" _uuid="00000000-0000-0000-11E2-D5CA802D0782" _position="0" _address="https://data.cityofnewyork.us/resource/_825b-niea/row-i6yz_wbge_khnu"><grade>5</grade><year>2011</year><category>White</category><number_tested>10808</number_tested><mean_scale_score>699</mean_scale_score><level_1_1>311</level_1_1><level_1_2>2.9</level_1_2><level_2_1>1709</level_2_1><level_2_2>15.8</level_2_2><level_3_1>4532</level_3_1><level_3_2>41.9</level_3_2><level_4_1>4256</level_4_1><level_4_2>39.4</level_4_2><level_3_4_1>8788</level_3_4_1><level_3_4_2>81.3</level_3_4_2></row><row _id="row-mm88~c8n4.tyfx" _uuid="00000000-0000-0000-D92B-C091D3670481" _position="0" _address="https://data.cityofnewyork.us/resource/_825b-niea/row-mm88~c8n4.tyfx"><grade>6</grade><year>2011</year><category>White</category><number_tested>9875</number_tested><mean_scale_score>695</mean_scale_score><level_1_1>409</level_1_1><level_1_2>4.1</level_1_2><level_2_1>1818</level_2_1><level_2_2>18.4</level_2_2><level_3_1>3435</level_3_1><level_3_2>34.8</level_3_2><level_4_1>4213</level_4_1><level_4_2>42.7</level_4_2><level_3_4_1>7648</level_3_4_1><level_3_4_2>77.4</level_3_4_2></row><row _id="row-sxyt.p8pk~ziwq" _uuid="00000000-0000-0000-1695-CBB42E513864" _position="0" _address="https://data.cityofnewyork.us/resource/_825b-niea/row-sxyt.p8pk~ziwq"><grade>7</grade><year>2011</year><category>White</category><number_tested>9679</number_tested><mean_scale_score>690</mean_scale_score><level_1_1>423</level_1_1><level_1_2>4.4</level_1_2><level_2_1>1739</level_2_1><level_2_2>18.0</level_2_2><level_3_1>3023</level_3_1><level_3_2>31.2</level_3_2><level_4_1>4494</level_4_1><level_4_2>46.4</level_4_2><level_3_4_1>7517</level_3_4_1><level_3_4_2>77.7</level_3_4_2></row><row _id="row-kd3n_t3yf_bxec" _uuid="00000000-0000-0000-9CFC-43E494DD5002" _position="0" _address="https://data.cityofnewyork.us/resource/_825b-niea/row-kd3n_t3yf_bxec"><grade>8</grade><year>2011</year><category>White</category><number_tested>9570</number_tested><mean_scale_score>688</mean_scale_score><level_1_1>433</level_1_1><level_1_2>4.5</level_1_2><level_2_1>2190</level_2_1><level_2_2>22.9</level_2_2><level_3_1>4142</level_3_1><level_3_2>43.3</level_3_2><level_4_1>2805</level_4_1><level_4_2>29.3</level_4_2><level_3_4_1>6947</level_3_4_1><level_3_4_2>72.6</level_3_4_2></row><row _id="row-d737_yspn.34cu" _uuid="00000000-0000-0000-BD05-B7819588F5EA" _position="0" _address="https://data.cityofnewyork.us/resource/_825b-niea/row-d737_yspn.34cu"><grade>All Grades</grade><year>2011</year><category>White</category><number_tested>62193</number_tested><mean_scale_score>695</mean_scale_score><level_1_1>2418</level_1_1><level_1_2>3.9</level_1_2><level_2_1>11336</level_2_1><level_2_2>18.2</level_2_2><level_3_1>25191</level_3_1><level_3_2>40.5</level_3_2><level_4_1>23248</level_4_1><level_4_2>37.4</level_4_2><level_3_4_1>48439</level_3_4_1><level_3_4_2>77.9</level_3_4_2></row></row></response>